W Buytaert,R Celleri, B De Bi?vre, F Cisneros, G Wyseure, J Deckers, R Hofstede
W Buytaert,R Celleri, P Willems, B De Bievre, G Wyseure
RF V?zquez, L Feyen, J Feyen, JC Refsgaard
W Buytaert, M Vuille, A Dewulf, R Urrutia, A Karmalkar,R Celleri
JE Carrion
R Riddell, JE Garcia
J Oliver, AE Huespe, E Samaniego, EWV Chaves
T Rabczuk, E Samaniego
W Buytaert,R Celleri, L Timbe
T Rabczuk, JY Kim, E Samaniego, T Belytschko
L Feyen, R V?zquez, K Christiaens, O Sels, J Feyen
R Celleri, P Willems, W Buytaert, J Feyen
E Samaniego, T Belytschko
R Celleri, J Feyen
RF V?zquez
J Oliver, AE Huespe, E Samaniego, EWV Chaves
R Riddell, JE Garcia, E Garces
D Orellana, AK Bregt, A Ligtenberg, M Wachowicz
J Oliver, AE Huespe, E Samaniego
LG Gonz?lez, E Figueres, G Garcer?, O Carranza
J Oliver, AE Huespe, MDG Pulido, E Samaniego
J Gracia, R Trillo,M Espinoza, E Mena
M Espinoza, A G?mez-P?rez, E Mena
R Trillo, J Gracia,M Espinoza, E Mena
MR Pelaez-Samaniego, V Yadama, E Lowell, R Espinoza-Herrera
Lorenzo Melchor, Laura Paula Saucedo-Cuevas, Iv?n Mu?oz-Repeto, Socorro Mar?a Rodr?guez-Pinilla, Emiliano Honrado, Alfredo Campoverde, Jose Palacios, Katherine L Nathanson, Mar?a Jos? Garc?a, Javier Ben?tez
M Espinoza, E Montiel-Ponsoda, A G?mez-P?rez
JE Carrion, BF Spencer, BM Phillips
RF V?zquez, J Feyen
Manuel Ra?l Pel?ez-Samaniego, M Garcia-Perez, LB Cortez, F Rosillo-Calle, J Mesa
J Mart?nez Borrero, MF Naranjo, SM Y??ez
JM Borrero, MF Naranjo, SM Y??ez
JM Borrero, MF Naranjo, SM Y??ez
T Rabczuk, E Samaniego, T Belytschko
RF V?zquez, K Beven, J Feyen
AL Borrero, S Vega
JE Carrion, BF Spencer
Gerd Dercon, Jozef Deckers, Jean Poesen, Gerard Govers, Henrry S?nchez, Marco Ram?rez, Ra?l Vanegas, E Tacuri, George Loaiza
P Cimiano, E Montiel-Ponsoda, P Buitelaar,M Espinoza, A G?mez-P?rez
Manuel Raul Pelaez-Samaniego, Vikram Yadama, Manuel Garcia-Perez, Eini Lowell, Armando G McDonald
Patricio Javier Crespo, Jan Feyen, Wouter Buytaert, Amelie B?cker, Lutz Breuer, Hans-Georg Frede, Marco Ram?rez
Adriana Monserrath Orellana-Paucar, Ann-Sophie K Serruys, Tatiana Afrikanova, Jan Maes, Wim De Borggraeve, Jo Alen, Fabi?n Le?n-Tamariz, Isabel Mar?a Wilches-Ariz?bala, Alexander D Crawford, Peter AM de Witte, Camila V Esguerra
A Ochoa, L Pineda, P Crespo, P Willems
H Talebi, C Samaniego, E Samaniego, T Rabczuk
O Jadan, M Cifuentes, B Torres, D Selesi, D Veintimilla, S Gunter
A Dewulf, M Mancero, G Cardenas, D Sucozhanay
P Crespo,R Celleri, W Buytaert, J Feyen, V Iñiguez, P Borja, B De Bi?vre
P Crespo,R Celleri, W Buytaert, J Feyen, V Iñiguez, P Borja, B De Bi?vre
MR Pelaez-Samaniego, V Yadama, E Lowell, TE Amidon, TL Chaffee
RF V?zquez, P Willems, J Feyen
A Ochoa, L Pineda, P Crespo, P Willems
D Orellana, M Wachowicz
A Alvarado, S Vedantam, P Goethals, I Nopens
P Willems, D Mora, T Vansteenkiste, MT Taye, N Van Steenbergen
LL Beghini, J Carrion, A Beghini, A Mazurek, WF Baker
LG Gonz?lez, E Figueres, G Garcer?, O Carranza, F Gonzalez-Espin
James C.Bathursta, Steve J.Birkinshawa, FelipeCisneros, JorgeFallas,Andr?sIroum?, RodolfoIturraspe, Marcelo Gavi?o Novillo, Adriana Urciuolo, Andr?s Alvarado, Cristian Coello, Anton Huber, Miriam Miranda, Marco Ramirez, Ramiro Sarand?n
W Buytaert, V Iñiguez,R Celleri, B Bievre, G Wyseure, J Deckers
WF Baker, LL Beghini, A Mazurek, J Carrion, A Beghini
RF V?zquez
MC Su?rez-Figueroa, K Dellschaft, E Montiel-Ponsoda, B Villazon-Terrazas, Zehn Yufei, G Aguado de Cea, A Garc?a, M Fern?ndez-L?pez, A G?mez-P?rez,M Espinoza, M Sabou
Tim J Hilbers, Zhouhong Wang, Brennan Pecha, Roel JM Westerhof, Sascha RA Kersten, Manuel Raul Pelaez-Samaniego, Manuel Garcia-Perez
ME Cazar, G Schmeda-Hirschmann, L Astudillo
D Windhorst, T Waltz, E Timbe, HG Frede, L Breuer
DE Mora, P Willems
R Kizilcec, M Perez-Sanagustin, J Maldonado
E Samaniego, J Oliver, A Huespe
E Timbe, D Windhorst, P Crespo, HG Frede, J Feyen, L Breuer
E Timbe, D Windhorst, P Crespo, HG Frede, J Feyen, L Breuer
John McCrae,M Espinoza, Elena Montiel-Ponsoda, Guadalupe Aguado-de-Cea, Philipp Cimiano
I Plesca, Edison Timbe, J-F Exbrayat, David Windhorst, P Kraft, P Crespo, Kellie B Vach?, H-G Frede, Lutz Breuer
Ina Plesca, Edison Timbe, Jean-Fran?ois Exbrayat, David Windhorst, Kraft Phillip, Patricio Crespo, Kellie Vach?, Hans-Georg Frede, Lutz Breuer
W Buytaert,R Celleri, B De Bi?vre, F Cisneros
Olivia Erin Buenafe, Adriana Orellana-Paucar, Jan Maes, Hao Huang, Xuhui Ying, Wim De Borggraeve, Alexander D Crawford, Walter Luyten, Camila V Esguerra, Peter de Witte
Raffaella Ansaloni, Isabel Wilches, Fabi?n Le?n, Eugenia Pe?aherrera, Adriana Orellana, Vladimiro Tobar, Peter De Witte
EE Cano, CA Rovetto, JM Colom
A B?cker, P Crespo, HG Frede, K Vach?, F Cisneros, L Breuer
VLADIMIR V KOUZNETSOV, LUIS ASTUDILLOSAAVEDRA, LEONOR Y VARGAS M?NDEZ, ME Cazar
A Molina, V Vanacker, V Balthazar, D Mora, G Govers
P Crespo, A B?cker, J Feyen, KB Vach?, HG Frede, L Breuer
AMRS ELNASHAI, BF SPENCER, DANA KUCHMA, G YANG, J CARRION, QUAN GAN, SUNG JIG KIM
D Orellana, M Wachowicz, N Andrienko, G Andrienko
RS Padr?n, BP Wilcox, P Crespo,R Celleri
M Espinoza, A G?mez-P?rez, E Mena
RS Padr?n, BP Wilcox, P Crespo,R Celleri
L Siguenza Guzman, Alexandra Van den Abbeele, Joos Vandewalle, Henri Verhaaren, Dirk Cattrysse
Bjorge Decostere, Natascha Janssens, Andres Alvarado, Thomas Maere, Peter Goethals, Stijn W.H.Van Hulle, Ingmar Nopens
D Mora, L Campozano, F Cisneros, G Wyseure, P Willems
O Carranza, E Figueres, G Garcer?, LG Gonzalez
V V Bazhanov, V V Mangazeev
A Abdal-hay, P Vanegas, AS Hamdy, FB Engel, JH Lim
FX Flores, FA Charney, D Lopez-Garcia
M C?rdova, G Carrillo-Rojas, P Crespo, B Wilcox,R Celleri
LD Llamb?, S Werschitz, I Alejandra,R Celleri, B De Bievre, B Ochoa, P Borja
R Celleri
H Talebi, G Zi, M Silani, E Samaniego, T Rabczuk
M C?rdova, G Carrillo-Rojas, P Crespo, B Wilcox,R Celleri
Manuel Ra?l Pel?ez-Samaniego, Manuel Garcia-Perez, LAB Cortez, J Oscullo, G Olmedo
RF Kizilcec, M P?rez-Sanagust?n, J Maldonado
SP Torres, WH Peralta, CA Castro
M C?rdova, G Carrillo-Rojas, P Crespo, B Wilcox,R Celleri
GM Mosquera, PX Lazo,R Celleri, BP Wilcox, P Crespo
GM Mosquera, PX Lazo,R Celleri, BP Wilcox, P Crespo
MR Pelaez-Samaniego, V Yadama, T Garcia-Perez, E Lowell, T Amidon
L Huiracocha, G Robalino, MS Huiracocha, JL Garc?a, CG Paz?n, Ayde? Angulo
GM Mosquera, PX Lazo,R Celleri, BP Wilcox, P Crespo
A B?cker, P Crespo, HG Frede, L Breuer
LG Gonz?lez, G Garcer?, E Figueres, R Gonz?lez
D Windhorst, P Kraft, E Timbe, HG Frede, L Breuer
SP Torres, CA Castro, RM Pringles, W Guaman
C Feic?n, C Encalada, W Larriva
P Quichimbo, G Tenorio, P Borja, I Cardenas, P Crespo,R Celleri
Q Chen, JE Andrade, E Samaniego
P Quichimbo, G Tenorio, P Borja, I Cardenas, P Crespo,R Celleri
SP Torres, CA Castro
Anja Oasmaa, Isabel Fonts, Manuel Raul Pelaez-Samaniego, Martha Estrella Garcia-Perez, Manuel Garcia-Perez
N Andrienko, G Andrienko, M Wachowicz, D Orellana
P Cedillo, J Gonzalez-Huerta, SM Abrah?o, E Insfran
AL Borrero, A Luz
BF Ochoa?Tocachi, W Buytaert, B De Bi?vre,R Celleri, P Crespo, M Villac?s, Carlos A. Llerena, L Acosta, M Villaz?n, M Guallpa, J Gil-R?os, P Fuentes, D Olaya, P Vi?as, G Rojas, S Arias
MC Su?rez-Figueroa, G Aguado de Cea, C Buil, K Dellschaft, M Fern?ndez-L?pez, A Garc?a, A G?mez-P?rez, G Herrero, E Montiel Ponsoda, M Sabou, B Villaz?n-Terrazas, Z Yufei
Boris F Ochoa?Tocachi, Wouter Buytaert, Bert De Bi?vre,R Celleri, Patricio Crespo, Marcos Villac?s, Carlos A Llerena, Luis Acosta, Mauricio Villaz?n, Mario Guallpa, Junior Gil?R?os, Paola Fuentes, Dimas Olaya, Pa?l Vi?as, Gerver Rojas, Sandro Arias
F Sard?, JB Company, N Baham?n, G Rotllant, MM Flexas, JD S?nchez, D Z??iga, J Coenjaerts, D Orellana, G Jord?, J Puigdef?bregas, A S?nchez-Vidal, A Calafat, D Mart?n, M Espino
R Rojas, O Camacho, LG Gonz?lez
L Siguenza Guzman, A Van den Abbeele, D Cattrysse
SP Torres, CA Castro
A Abdal-hay, HM Mousa, A Khan, P Vanegas, JH Lim
J Fern?ndez-Cavia, S Vinyals-Mirabent, M L?pez-P?rez
L Solano-Quinde, ZJ Wang, B Bode, AK Somani
W Buytaert,R Celleri, B Bi?vre, J Deckers, G Wyseure
L Campozano, E S?nchez, A Aviles, E Samaniego
MC Su?rez-Figueroa, E Blomqvist, M d?Aquin,M Espinoza, A G?mez-P?rez, H Lewen, I Mozetic, R Palma, M Poveda, M Sini, B Villaz?n-Terrazas, F Zablith, M Dzbor
Manuel Raul Pelaez-Samaniego, Gustavo Riveros-Godoy, Santiago Torres-Contreras, Tsai Garcia-Perez, Esteban Albornoz-Vintimilla
L Campozano, E S?nchez, A Aviles, E Samaniego
D Orellana, C Renso
Manuel Raul Pelaez-Samaniego, Gustavo Riveros-Godoy, Santiago Torres-Contreras, Tsai Garcia-Perez, Esteban Albornoz-Vintimilla
P Crespo,R Celleri, W Buytaert, B Ochoa, I Cardenas, V Iñiguez, P Borja, Bert De Bi?vre
Patricio Crespo,R Celleri, Wouter Buytaert, Boris Ochoa, Irene Cardenas, Vicente Iñiguez, Pablo Borja, Bert De Bi?vre
MR Pel?ez-Samaniego, M Garcia-Perez
A Moreira, MY Santos, M Wachowicz, D Orellana
O Carranza, G Garcer?, E Figueres, LG Gonz?lez
J Mart?nez Borrero
F Telef?nica
AL Borrero Vega
JF Exbrayat, W Buytaert, E Timbe, D Windhorst, L Breuer
J Mart?nez Borrero
J Mart?nez Borrero
R Celleri, W Buytaert, B De Bi?vre, C Tob?n, P Crespo, J Molina, J Feyen
R Celleri, W Buytaert, B De Bi?vre, C Tob?n, P Crespo, J Molina, J Feyen
O Carranza, E Figueres, G Garcera, LG Gonzalez, F Gonzalez-Espin
V Morocho, F Saltor, L Perez-Vidal
Jos MF Van Orshoven, Vincent Kint, Anja Wijffels, Ren? Estrella, Gergely Bencsik, Pablo Vanegas, Bart Muys, Dirk Cattrysse, Stefaan Dondeyne
M Espinoza, A G?mez-P?rez, E Montiel-Ponsoda
AM Calle, S Calle, J Argudo, E Moscoso, A Smith, P Cabrera
L Siguenza Guzman,V Saquicela, Elina Avila-Ord??ez, Joos Vandewalle, Dirk Cattrysse
MA Vintimilla
Adriana Monserrath Orellana-Paucar, Tatiana Afrikanova, Joice Thomas, Yelaman K Aibuldinov, Wim Dehaen, Peter AM de Witte, Camila V Esguerra
MF Granda, N Condori-Fern?ndez, TEJ Vos, O Pastor
E Jerves, S L?pez, C Castro, W Ortiz, M Palacios, P Rober, P Enzlin
Nelson Piedra, Janneth Chicaiza, Pricila Quichimbo,V Saquicela, Elizabeth Cadme, Jorge L?pez,M Espinoza, Edmundo Tovar
T Hayes, F Murtinho, LMC Camacho, P Crespo, S McHugh, D Salmer?n
JE Carrion, JM LaFave, KD Hjelmstad
J Parra, D Astudillo, N Cedillo, G Ordo?ez, F Semp?rtegui
V Pinos, G Pinos
LG Gonzalez, GG Sanfeli?
V Morocho, L P?rez-Vidal, F Saltor
V Vanacker, G Govers, E Tacuri, J Poesen, G Dercon, F Cisneros
A Alvarado, E Sanchez, G Durazno, M Vesvikar, I Nopens
A Abdal-hay, P Vanegas, JK Lim
RF V?zquez, J Feyen
RF V?zquez
RF V?zquez, J Feyen
A Beghini, LL Beghini, JA Schultz, J Carrion, WF Baker
JM Mesa-P?rez, LAB Cortez, HR Mar?n-Mesa, JD Rocha, MR Pel?ez-Samaniego, Esther Cascarosa
AE Barrag?n, PE Ochoa
G Pinos, J ?vila
RF V?zquez
L Siguenza Guzman, Alexandra Van den Abbeele, Joos Vandewalle, Henri Verhaaren, Dirk Cattrysse
V Morocho, F Saltor, L Perez-Vidal
E Ruiz, MA Vintimilla
P Cedillo, J Jimenez-Gomez, S Abrahao, E Insfran
A Abdal-hay, YS Oh, A Yousef, HR Pant, P Vanegas, JK Lim
P Vanegas, D Cattrysse, J Van Orshoven
O Jadan, B Torres, S G?nter
M Hermida, C Hermida, N Cabrera, C Calle
A Avil?s,R Celleri, J Paredes, A Solera
J Dehotin, RF V?zquez, I Braud, S Debionne, P Viallet
E Montiel-Ponsoda, W Peters, GA de Cea,M Espinoza, AG P?rez, M Sini
W Pozo, T Sanfeliu, G Carrera
A Carrasco, MA Vintimilla, C Su?rez
Lorena Siguenza-Guzman,V Saquicela, Elina Avila-Ord??ez, Joos Vandewalle, Dirk Cattrysse
WE Barreto, SP Torres, CA Castro
S Xu, LR Martinez, H Van Hoof, M Tews, L Torres, K Farf?n
F Posso, J S?nchez, JL Espinoza, J Siguencia
G Carrillo-Rojas, B Silva, M C?rdova,R Celleri, J Bendix
L Campozano,R Celleri, K Trachte, J Bendix, E Samaniego
A Avil?s,R Celleri, A Solera, J Paredes
E Timbe, D Windhorst,R Celleri, L Timbe, P Crespo, HG Frede, J Feyen, L Breuer
W Buytaert,R Celleri, B De Bievre, V Iñiguez
B De Bi?vre, A Alvarado, L Timbe,R Celleri, J Feyen
P Areias, E Samaniego, T Rabczuk
L Campozano,R Celleri, K Trachte, J Bendix, E Samaniego
RF V?zquez, J Feyen
M Espinoza, E Mena
E Timbe, D Windhorst,R Celleri, L Timbe, P Crespo, H-G Frede, J Feyen, L Breuer
J Feyen, HB Van Hoof
Lourdes Huiracocha T., Carlos A. Almeida D, Karina Huiracocha T., Andrea Arteaga H, Jorge A Arteaga H, Paulina Barahona H, Juan E. Quezada H.
J Maldonado, C Sanz, A Fern?ndez-Pampill?n
E Insfran, P Cedillo, A Fernandez, S Abrahao, M Matera
V. V. Prokofeva, V. V. Bochkov, V. V. Busarev
V V Osipov, V V Platonov, V V Lisenkov
V. V. Sazonov, V. V. Ulyanov
BD Bievre, A Alvarado, L Timbe,R Celleri, J Feyen
Edison Timbe, David Windhorst,R Celleri, Luis Timbe, Patricio Crespo, Hans-Georg Frede, Jan Feyen, Breuer Lutz
SP Torres, CA Castro
WM Villa, JL Rueda, S Torres, WH Peralta
DE Mogrovejo, GW Flintsch, ED de Le?n Izeppi, KK McGhee
G Carrillo-Rojas, B Silva, M C?rdova,R Celleri, J Bendix
JL Espinoza, H Vredenburg
FX Flores, D Lopez-Garcia, FA Charney
R Mendieta Mu?oz
GM Mosquera,R Celleri, PX Lazo, KB Vach?, SS Perakis, P Crespo
P Crespo, J Feyen, W Buytaert,R Celleri, HG Frede, M Ram?rez, L Breuer
W Buytaert, B De Bi?vre,R Celleri, F Cisneros, G Wyseure, S Deckers
C Samaniego, G Houzeaux, E Samaniego, M V?zquez
J Feyen, RF V?zquez
RF V?zquez, J Feyen
Mari Carmen Suarez-Figueroa, Eva Blomqvist, Mathieu d?Aquin,M Espinoza, Asuncion Gomez-Perez, Holger Lewen, Igor Mozetic, Raul Palma, Maria Poveda, Margherita Sini, Boris Villazon-Terrazas, Fouad Zablith, Martin Dzbor
GM Mosquera,R Celleri, PX Lazo, KB Vach?, SS Perakis, P Crespo
AE Ochoa-S?nchez, LE Pineda Ordonez, P Willems, P Crespo
P Crespo, J Feyen, W Buytaert,R Celleri, HG Frede, M Ram?rez, L Breuer
JE Carrion, BF Spencer Jr
JE Carrion, KD Hjelmstad, JM LaFave
MR Pelaez-Samaniego, V Yadama, M Garcia-Perez, E Lowell
J Feyen, RF V?zquez
D Orellana, M Wachowicz, H De Knegt, A Ligtenberg, A Bregt
L Siguenza Guzman, Ludo Holans, Alexandra Van den Abbeele, Joos Vandewalle, Henri Verhaaren, Dirk Cattrysse
V. V. Kucherenko, V. V. Shamko
A Alvarado, E Sanchez, G Durazno, M Vesvikar, I Nopens
ALB Vega, SV Ugalde
AL Borrero
PF Vanegas Peralta, D Cattrysse, J Van Orshoven
P Vanegas, D Cattrysse, J Van Orshoven
LD Solano-Quinde, BM Bode
M Moya M?ndez
GM Mosquera,R Celleri, PX Lazo, KB Vach?, SS Perakis, P Crespo
L Campozano, D Tenelanda, E Sanchez, E Samaniego, J Feyen
LF Duque, RF V?zquez
V Saquicela,M Espinoza, J Mejia, B Villaz?n-Terrazas
M Dzbor, MC Su?rez-Figueroa, E Blomqvist, H Lewen,M Espinoza, A G?mez-P?rez, R Palma
M Espinoza, R Trillo, J Gracia, E Mena
G Mosquera, P Lazo, I Cardenas, P Crespo
P Borja, V I?igues, P Crespo, P Cisneros, F Cisneros
JE Carrion, BF Spencer, BM Phillips
MR Pelaez-Samaniego, J Mesa-P?rez, LAB Cortez, JD Rocha, CG Sanchez, H Mar?n
G Mosquera, P Lazo, I Cardenas, P Crespo
A Alvarado, S Vedantam, G Durazno, I Nopens
J Maldonado, JL Bermeo, G Pacheco
J Maldonado, JP Carvallo, J Siguencia
J Maldonado, AM Fern?ndez-Pampill?n, CV Sanz
E Ruiz-Ballesteros, MA Vintimilla
P Cedillo, J Gonzalez-Huerta, S Abrahao, E Insfran
A Alvarado, S Vedantam, G Durazno, I Nopens
A Alvarado, M Vesvikar, JF Cisneros, T Maere, P Goethals, I Nopens
Javier E Holguin-Gonzalez, Pieter Boets, Andres Alvarado, Felipe Cisneros, Mar?a C Carrasco, Guido Wyseure, Ingmar Nopens, Peter LM Goethals
AL Borrero Vega
B Torres, O Jadan, P Aguirre, L Hinojosa, S G?nter
? Pulgar, J Izco, O Jadan
WI Larriva, C Encalada, GCP Carlos Feican
M Z??iga-Prieto, S Abrahao, E Insfran
EE Cano, CA Rovetto, JM Colom
MF Granda, N Condori-Fern?ndez, TEJ Vos, O Pastor
MF Granda
G Mosquera, P Lazo, I Cardenas, P Crespo
JE Juncosa Blasco, R Guber, T Dur?n, P Guerrero Arias, L Herrera, A Tello, R Wiggers, MR Calderipe Farias Rufino
F Quesada
JS Kargel, P Alho, W Buytaert,R Celleri, JG Cogley, A Dussaillant, Z Guido, W Haeberli, S Harrison, G Leonard, A Maxwell, C Meier, G Poveda, B Reid, J Reynolds, CAP Rodriguez, H Romero, J Schneider
R Celleri, L Timbe, RF V?zquez, J Feyen
A Ochoa, L Campozano, E S?nchez, R Gual?n, E Samaniego
I Nolivos, M Villac?s, RF V?zquez, DE Mora, L Dom?nguez-Granda, H Hampel, E Velarde
R Celleri, L Timbe, RF V?zquez, J Feyen
V Saquicela,M Espinoza-Mej?a, K Palacio, H Alb?n
W Peters,M Espinoza, E Montiel-Ponsoda, M Sini
M Espinoza, J Gracia, R Trillo, E Mena
BF Spencer, JE Carrion
JE Carrion, BF Spencer
JA Garcia-Nunez, MR Pelaez-Samaniego, ME Garcia-Perez, I Fonts, Javier Abrego, Roel JM Westerhof, Manuel Garcia-Perez
MRP Samaniego
V Pinos, G Pinos, MD Palacios
H Hampel, J Cocha, D Vimos
L Siguenza Guzman, Alexandra Van den Abbeele, Joos Vandewalle, Henri Verhaaren, Dirk Cattrysse
Dolores Sucozha?ay, L Siguenza Guzman, Cristian Zhimnay, Dirk Cattrysse, Guido Wyseure, Karel De Witte, Martin Euwema
E Ruiz, MA Veintimilla
E Ruiz-Ballesteros, MA Vintimilla
A Ochoa, L Campozano, E S?nchez, R Gual?n, E Samaniego
DT Pham, G Everaert, N Janssens, A Alvarado, I Nopens, PLM Goethals
AL Borrero Vega
AL Borrero
AL Borrero Vega
Indira Nolivos, Marcos Villac?s, Ra?l F V?zquez, Diego E Mora, Luis Dom?nguez-Granda, Henrietta Hampel, Elizabeth Velarde
O Jadan, S G?nter, B Torres, D Selesi
O Jadan, ZA Mendoza
S Katicha, DE Mogrovejo, GW Flintsch, E de Le?n Izeppi, DM Carrasco
M Zu?iga-Prieto, J Gonzalez-Huerta, SM Abrah?o, E Insfran
D Sucozha?ay, L Siguenza-Guzman, C Zhimnay, D Cattrysse, G Wyseure, K De Witte, M Euwema
V Saquicela,M Espinoza-Mej?a, K Palacio, H Alb?n
MMMM M?ndez
CA Rovetto, EE Cano, JM Colom
MF Granda, N Condori-Fern?ndez, TEJ Vos, O Pastor
Juan Francisco Cordero L?pez, Silvana Vanessa Astudillo Dur?n, Jorge Washington Delgado Noboa, Oswaldo Am?n Mart?nez, Ximena Catalina Carpio Guerrero
karina Farf?n Pacheco, AL Serrano
M C?rdova, G Carrillo,R Celleri
J Feyen, RF V?zquez
RF V?zquez, J Feyen
K Abad, JP Carvallo,M Espinoza,V Saquicela
A Tello, A La Cruz,V Saquicela,M Espinoza, ME Vidal
ME Mej?a,V Saquicela, KP Baus, H Alb?n
Martin Dzbor, Mari Carmen Suarez-Figueroa, Asuncion Gomez-Perez, Eva Blomqvist, Holger Lewen,M Espinoza
A Correa, D Windhorst, P Crespo,R Celleri, J Feyen, L Breuer
V Iñiguez, P Borja, P Crespo, F Cisneros
J Carrion, WF Baker, JA Cavanagh, RC Stewart, JE MacDonald, C Besjak
MD Palacios, FV Alvarado, CM Oleas
JA Cabrera, OJ C?rdena, MA Campoverde, JI Ortiz
JK Erazo P., CA Hervas P.
Lourdes Huiracocha T., Gladys Robalino I., Miriam S. Huiracocha T., Jorge L. Garc?a A., Carmen G. Paz?n T., Ayde? Angulo, Carlos A. Almeida D.
J Feyen, RF V?zquez
D Orellana, P Osorio
M Trueman, R Standish, D Orellana, W Cabrera
JC Garc?a, D Orellana, E Araujo
J Mart?nez Borrero
J Mart?nez Borrero, C Ugalde de Valdivieso, J Cordero ??iguez
V Morocho, A Morales
V Morocho, L P?rez-Vidal, F Saltor
LP Vidal, FS Soler, V Morocho
J De la Cuadra
MA Vintimilla
JA Cabrera, OJ C?rdena, Alfredo Campoverde, JI Ortiz
R Riddell, JE Garcia
V. V. Osipov, V. V. Lisenkov, V. V. Platonov
V. V. Flambaum, V. V. Sokolov
V. V. Bushuev, V. V. Molodtsov
AL Borrero, S Vega
SP Torres, CA Castro, MJ Rider
A Molina, V Vanacker, E Brisson, D Mora, V Balthazar
P Vanegas, D Cattrysse, J Van Orshoven
J Mart?nez Borrero
J Mart?nez Borrero, C Ugalde de Valdivieso, J Cordero ??iguez
J Mart?nez Borrero
J Mart?nez Borrero, C Ugalde de Valdivieso, J Cordero ??iguez
HB Van Hoof, M Estrella, MI Eljuri, LT Le?n
A Hermida, V Mogrovejo
T Bola?os, A Moscoso
W P?rez, A Tello,V Saquicela, ME Vidal, A La Cruz
A Tello, A La Cruz,V Saquicela,M Espinoza, ME Vidal
M C?rdova, G Carrillo,R Celleri
ME Mej?a,V Saquicela, KP Baus, H Alb?n
LD Solano-Quinde, BM Bode, AK Somani
F Posso, JL Espinoza, J S?nchez, J Zalamea
JL Espinoza, EA Barrag?n
JL Espinoza, H Vredenburg
HL Petersen, LF Escobar, JL Espinoza, H Vredenburg
F Flores, F Charney, D Lopez-Garcia
M V?lez C., P V?lez Le?n
X Cordero, V Guill?n
X Sumba, F Sumba, A Tello, F Baculima,M Espinoza,V Saquicela
M C?rdova,R Celleri, CJ Shellito, J Orellana-Alvear, A Abril, G Carrillo-Rojas
A Correa, D Windhorst, P Crespo,R Celleri, J Feyen, L Breuer
RF V?zquez, P Willems, J Feyen, J Berlamont
X Sumba, F Sumba, A Tello, F Baculima,M Espinoza,V Saquicela
J Avila, X Riofrio, K Palacio-Baus,M Espinoza-Mejia,V Saquicela
P Borja, V Iñiguez, P Crespo, P Cisneros, F Cisneros, J Feyen
WF Baker, LL Beghini, A Mazurek, J Carrion, A Beghini
AS Elnashai, BF Spencer, D Kuchma, G Yang, J Carrion, Q Gan, S Kim
Sergio Ramos-Carmona, Juan F P?rez, Manuel Ra?l Pelaez-Samaniego, Rolando Barrera, Manuel Garcia-Perez
R Clavijo, C L?pez, C Cedillo, C Mora, W Ortiz
A Flores, JM Lav?n, X Calle, E ?lvarez
ME Vanegas, V V?zquez, D Moscoso, C Cruzat
E Segarra E., LE Encalada T., JL Garc?a A.
OC Castillo, EF Amoros, GG Sanfeliu, LG Gonzalez
F Gonzalez-Espin, E Figueres, G Garcera, R Gonzalez, O Carranza, LG Gonzalez
O Carranza, E Figueres, G Garcer?, LG Gonzalez
V Morocho, P Lude?a
MJ Uriz
MA Vintimilla
ME Cazar, P Villena, J Parra, V Espinoza, G Larriva, A Caldas
Luis M. Vilches-Bl?zquez, Boris Villaz?n-Terrazas,V Saquicela, Alexander de Le?n, Oscar Corcho, Asunci?n G?mez-P?rez
V. V. Lemeshko, V. V. Obukhovsky
APOLLONOV V V APOLLONOV V V
AL Borrero Vega, S Vega Ugalde
AL Borrero
S Torres
P Vanegas, D Cattrysse, J Van Orshoven
P Vanegas, D Cattrysse, J Van Orshoven
C Loaiza, Z Aguirre, O Jadan
Z Bravo, C Larriva, L Minchala
D Mogrovejo, G Flintsch, E de Le?n Izeppi, K McGhee, R Burdisso
K McGhee, E de Le?n Izeppi, G Flintsch, D Mogrovejo
Jos? Prada-Trigo, Jes?s Claudio P?rez G?lvez, Tom?s L?pez-Guzm?n, Sandra Elizabeth Pes?ntez Loyola
X Sumba, F Sumba, A Tello, F Baculima,M Espinoza,V Saquicela
M C?rdova,R Celleri, CJ Shellito, J Orellana-Alvear, A Abril, G Carrillo-Rojas
N Garc?a, G Carrillo, A Astudillo, V V?zquez
J Armijos, D Garc?a, D Astudillo, K Palacio-Baus, R Medina, S Wong
J Avila, X Riofrio, K Palacio-Baus,M Espinoza-Mejia,V Saquicela
MM M?ndez
R Unda Lara, D Llanos Erazo, L Herrera Montero
MT Baquero, F Quesada
S Astudillo, A Briozzo
E Zalamea, R Garcia Alvarado
K Goodman, A Carpio, SA Ballagh, M Carrion, G Abril, D Achig
J Medina, C Villa,V Saquicela,M Espinoza Mej?a, D Astudillo, H Alb?n, Kenneth Samuel Palacio Baus
ME Siguencia Avila, J Rey P?rez
DA Garz?n, G Gordillo, MM Enriquez, G Viera, MD Pauta
RF V?zquez, H Hampel
A El-Sadek, RF V?zquez
RF V?zquez, J Feyen, J Berlamont
W P?rez, K Abad, JP Carvallo,M Espinoza,V Saquicela
K Abad, JP Carvallo,M Espinoza,V Saquicela
J Medina, C Villa,V Saquicela,M Espinoza-Mej?a, D Astudillo, H Alb?n, Kenneth Palacio-Baus
GM Mosquera, KB Vach?
P Crespo, C Coello, V Iñiguez, P Cisneros, M Ram?rez, J Feyen
MT Baquero L., F Quesada M.
W P?rez, K Abad, JP Carvallo,M Espinoza,V Saquicela
AM Campoverde, DL Hern?ndez R., BE Maz?n O.
Freddy Parra, Diana Andrade, Julio Cruz, Lizandro Solano-Quinde, Kenneth Palacio-Baus, Lorena Encalada, Sara Wong
C Mezzadra
M Bernal
J Medina, C Villa,V Saquicela,M Espinoza-Mej?a, D Astudillo, H Alb?n, K. Palacio-Baus
MR Ald?s S., MJ Flores C.
CE Ugalde S., CR Gonz?lez
V Heras, T Steenberghen, M Z??iga, F Cardoso, M Santana, K Van Balen
G Carrillo, A Astudillo
R Celleri, P Willems, J Feyen
J Guyot-T?phany, C Grenier, E Cl?der, D Orellana
M Wachowicz, A V?zquez-Hoehne, D Ballari, D Orellana, Ayar Rodr?guez-de-Castro
M Wachowicz, D Orellana, C Renso, E Moraga, J Parada
LG Gonzalez, E Figueres, G Garcer?, O Carranza, S Pmsg
J Maldonado, Ren? Palta, Jorge V?zquez, Jorge Bermeo, Mar P?rez-Sanagust?n, Jorge Munoz-Gama
J Maldonado, J Carvallo, J Siguencia
J Mart?nez Borrero
L Siguenza Guzman,V Saquicela, D Cattrysse
RL Pull, V Morocho, MTM Crespo
MA Vintimilla
P Cedillo, A Fernandez, E Insfran, S Abrah?o
V Saquicela, Luis M. Vilches-Bl?zquez, Oscar Corcho
Alexander de Le?n,V Saquicela, Luis M. Vilches, Boris Villaz?n-Terrazas, Freddy Priyatna, Oscar Corcho
V. V. Lisenkov, V. V. Osipov, V. V. Platonov
V. V. Popov, V. V. Kosarev
V. V. Sukhodolets, V. V. Prokop?ev
V. V. Lisenkov, V. V. Osipov
V V Sazonov, V V Ulyanov
V. V. Kuznetsov, V. V. Pukhnachev
V. V. Srinivas, V. V. Varadhan
A Alvarado
SP Torres, RA de Araujo, CA Castro, J Pissolato
O Jadan, H Cedillo, P Zea, P Quichimbo, ? Peralta, C Vaca
Oswaldo Jadan, Cristian Toledo, Braulio Tepan, Hugo Cedillo, Angel Peralta, Pedro Zea, Patricio Castro, Carlos Vaca
Juan F Freile, Paolo Piedrahita, Galo Buitr?n-Jurado, Carlos A Rodr?guez, Oswaldo Jadan, Elisa Bonaccorso
J Mart?nez Borrero
J Mart?nez Borrero
SW Katicha, DE Mogrovejo, GW Flintsch, ED de Le?n Izeppi
HA Rond?n, FA Reyes, GW Flintsch, DE Mogrovejo
L Torres
M P?rez
AM Moscoso
G Carrillo, A Astudillo
G Carrillo-Rojas, J Andrade-Rodas, A Barrag?n-Escand?n, A Astudillo-Alem?n
F Parra, D Andrade, J Cruz, L Solano-Quinde, K Palacio-Baus, L Encalada, S Wong
J Medina, C Villa,V Saquicela,M Espinoza-Mej?a, D Astudillo, H Alb?n, K Palacio-Baus
K Palacio, J Auquilla, E Calle
F Parra, D Andrade, J Cruz, L Solano-Quinde, K Palacio-Baus, L Encalada, S Wong
L Solano-Quinde, B Bode, AK Somani
M MOYA M?NDEZ
MM M?ndez
MM M?ndez
MM M?ndez
A KAPR
F Flores, J Jarrett, F Charney
MF Granda, N Condori-Fern?ndez, TEJ Vos, O Pastor
GM Mosquera, KB Vach?
L Herrera Montero, AP Guerrero
R Mendieta Mu?oz, N Pontarollo
RM Mu?oz
J Veintimilla-Reyes, FA Larrea
JE Veintimilla, F Cisneros, P Capelo
M V?lez C., P V?lez Le?n
V Guill?n, F Quesada, D Orellana, A Serrano
D Achig
RMG Gualan-Saavedra, LD Solano-Quinde, BM Bode
MC Achig, M Z??iga, K Van Balen, L Abar
J Bendix, A Fries, J Z?rate, K Trachte, R Rollenbeck, F Pucha-Cofrep, R Paladines, I Palacios, J Orellana, F O?ate-Valdivieso, C Naranjo, L Mendoza, D Mejia, M Guallpa, F Gordillo, V Gonzalez-Jaramillo, M Dobbermann,R Celleri, Carlos Carrillo, Augusto Araque, Sebastian Achilles
L Campozano, D Ballari,R Celleri
R Celleri, P Crespo, B De Bi?vre, L Acosta
R Celleri, P Willems, J Feyen
J Ulloa, P Rodr?guez, E Samaniego
J Oliver, AE Huespe, E Samaniego, EWV Chaves
L Feyen, RF V?zquez, K Christiaens, O Sels, J Feyen
J Segarra, J Ortiz,M Espinoza,V Saquicela
L Montenegro, V Ochoa,M Espinoza-Mej?a
J Avila, K Palacio-Baus,M Espinoza-Mej?a,V Saquicela
M Espinoza,V Saquicela
M Espinoza-Mej?a,V Saquicela, K Palacio, NG Santa, B Villaz?n-Terrazas
EL Ram?rez, FJ? Rdz, ME Mej?a, H Ambriz, A Nungaray
R Celleri, P Crespo, B De Bi?vre, L Acosta
A Mazurek, A Beghini, J Carrion, WF Baker
Manuel R Pelaez-Samaniego, Vikram Yadama, Manuel Garcia-Perez, Eini Lowell, Rui Zhu, Karl Englund
G Bojorque, V Bojorque, J D?valos
V Pinos, G Pinos, R Baitar, M Jerves, P Enzlin
V Pinos, G Pinos, M Jerves, P Enzlin
EP Urrutia, F Urrutia, AL Larrea, TS Antonio
A Villalta, JP Carvallo
GG Viera, RG Viera
B Rutter
JI Arroquy
P Chemineau
D Pel?ez, C Tipantu?a
VA Haro V., WR P?rez R., L Siguenza-Guzman, D Cattrysse,V Saquicela
X Calle, F Mayorga, A Flores, JM Lav?n
S Manzano, R Pe?a-Ortiz, D Guevara, A R?os
RM Gual?n S., LD Solano Q.
L Montenegro, V Ochoa,M Espinoza M.
J ?vila, X Riofr?o, K Palacio-Baus,M Espinoza-Mej?a,V Saquicela
N Piedra, J Chicaiza, E Cadme, R Guaya
CE Jaramillo A., RD Le?n V., RA Lara C., DS Ben?tez M., M Ruiz
MG P?rez, A Conci, A Aguilar, ? S?nchez, VH Andaluz
RA Cajo, SR Zu?iga, VM Huilcapi
E Romero, DF Pozo, JA Rosales
L Campozano, D Ballari,R Celleri
V Tinoco, P Willems, G Wyseure, F Cisneros
DF Pe?a, MN Rocano, JM Salazar, CS Torres
JI Oritz S., MI Morocho M., ?H Tenezaca T., MG Torres O., DP Ugalde T.
FR Posso, JP S?nchez
A Oviedo
ME Vanegas, V V?zquez, D Moscoso, C Cruzat
MC Achig, M Z??iga, KV Balen, L Abad R.
HB Van Hoof, A Sharma, J Moon, M?G Cordero, KF Pacheco
S Guevara, A Feic?n, M del Carmen Ochoa, C Ar?valo, ME Aguirre
D Ballari, D Orellana, E Acosta, A Espinoza, V Morocho
LG Gonzalez, P Vanegas, R Sempertegui, O Carranza
LG Gonz?lez, F Cabrera, P Vanegas, O Carranza
J Maldonado, G Astudillo
J Mart?nez Borrero
J Mart?nez Borrero, H Einzmann
J Mart?nez Borrero
J Martinez Borrero
Valeria Alexandra Haro Valle, Wilson Rodrigo P?rez Rocano, L Siguenza Guzman, Dirk Cattrysse,V Saquicela
D Ballari, D Orellana, E Acosta, A Espinoza, V Morocho
R Medina, A La Cruz, A Ordo?es, D Pes?ntez, V Morocho, P Vanegas
EC Rivas, F Moreno, A Benitez, V Morocho, P Vanegas, R Medina
E Ibarra, R Medina, V Morocho, P Vanegas
MA Vintimilla
MA Vintimilla
A Carrasco Vintimilla, MA Vintimilla, C Su?rez
Arturo Carpio, Alfredo Campoverde, Matthew L Romo, Lorena Garc?a, Luis M Piedra, M?nica Pacurucu, Nelson L?pez, Jenner Aguilar, Sebastian L?pez, Luis C Vintimilla, Ana M Toral, Pablo Pe?a-Tapia
P Cedillo, J Jimenez-Gomez, S Abrahao, E Insfran
V Saquicela, Luis. M. Vilches-Blazquez, Oscar Corcho
A Tello, Alexandra La Cruz,V Saquicela,M Espinoza, Maria-Esther Vidal
Wilson Perez, A tello,V Saquicela, Maria-Esther Vidal, Alexandra La Cruz
V. V. Sukhozhak, V. V. Panichkina, V. V. Skorokhod
V. V Srdic, V. V Srdic
V V Dubrovskii, V V Dubrovskii (jr)
V. V. Uchaikin, V. V. Saenko
V V Andrievski?, V V Ma?meskul
V. V. Yanilkin, V. V. Zverev
V. V. Mikhailov, V. V. Korolev
V. V. Panichkina, V. V. Skorokhod
V. V. Skorokhod, V. V. Panichkina
V. V. Prokop?ev, V. V. Sukhodolets
V. V. Ogorodnikov, V. V. Pokropivny
V. V. Napalkov, V. V. Napalkov
APOLLONOV V V APOLLONOV V V
V. V. Zaika, V. V. Molodtsov
AL Borrero
S Torres, CA Castro
A Molina, V Vanacker, E Brisson, D Mora, V Balthazar
P Vanegas, D Cattrysse, A Wijffels, J Van Orshoven
R Estrella, P Vanegas, D Cattrysse, J Van Orshoven
Oswaldo Jadan, Cristian Toledo, Braulio Tep?n, Hugo Cedillo, ?ngel Peralta, Pedro Zea, Patricio Castro, Carlos Vaca
B Torres, S G?nter, O Jadan, M Kiekbusch, L Ehrmantraut
J Mart?nez Borrero
J Mart?nez Borrero, H Einzmann
J Mart?nez Borrero
J Martinez Borrero
J Mart?nez Borrero
J Mart?nez Borrero, H Einzmann
J Mart?nez Borrero
J Martinez Borrero
DE Mogrovejo Carrasco
HB Van Hoof, A Cueva, M Estrella, LT Le?n, MI Eljuri
L Torres Le?n, E Ruiz Ballesteros
M P?rez, F Eskola, S Guzm?n, P Rosas, E Tapia
J Horta, B Hernandez, L Marquez, M Perez, V Casta o
MA Hermida Palacios
MA Hermida
M Z??iga-Prieto, E Insfran, S Abrah?o
M Z??iga-Prieto, E Insfran, S Abrahao, C Cano-Genoves
A Mart?nez Moscoso, P V?zquez
V Heras, T Steenberghen, O Zalamea
F Astudillo-Salinas, K Palacio-Baus, L Solano-Quinde, R Medina, S Wong
M Espinoza-Mej?a,V Saquicela, K Palacio, NG Santa, B Villaz?n-Terrazas
J Avila, X Riofr?o, K Palacio-Baus
J Avila, R X, K Palacio-Baus,M Espinoza-Mej?a,V Saquicela
J Avila, X Riofrio,M Espinoza-Mejia,V Saquicela, K Palacio-Baus
M Espinoza-Mej?a,V Saquicela, K Palacio-Baus, H Alb?n
J Avila, X Riofr?o,M Espinoza-Mej?a, V Saguicela, K Palacio-Baus
J ?vila, X Riofr?o,M Espinoza-Mej?a,V Saquicela, K Palacio-Baus, H Alb?n
KS Palacio Baus, JV Auquilla Peralta
F Astudillo-Salinas, K Palacio-Baus, L Solano-Quinde, R Medina, S Wong
R Gual?n, L Solano-Quinde
RMG Gualan-Saavedra, LD Solano-Quinde, BM Bode
F Guam?n, J Ordo?ez, JL Espinoza, J Jara-Alvear
JL Espinoza
JL Espinoza-Abad
M MOYA M?NDEZ
M Moya M?ndez
M Moya M?ndez
MM M?ndez
M MOYA M?NDEZ
FX Flores, FA Charney
MF Granda, N Condori-Fern?ndez, TEJ Vos, O Pastor
L Herrera Montero
S Astudillo Dur?n, AE Briozzo
J Veintimilla-Reyes, D Cattrysse, A De Meyer, J Van Orshoven
J Veintimilla-Reyes, F Cisneros, PV Peralta
J Veintimilla, F Cisneros
JE Veintimilla, F Cisneros
M V?lez C., P V?lez Le?n
V Guill?n Mena, D Orellana
EF Zalamea, RH Garcia, R Sanchez Arriagada
E Zalamea, G Rodrigo, B Sergio
E Zalamea Le?n, R Garc?a Alvarado
E Zalamea
D Achig
F Vega, J Medina, D Mendoza,V Saquicela,M Espinoza
F Vega, J Medina, D Mendoza,V Saquicela,M Espinoza
E Colina, M Falcon?, V Morocho, J Medina, A Mora
S Xu, H Van Hoof, AL Serrano, L Fernandez, N Ullauri
R D?az-Granda, ML Huiracocha Tutiv?n
Karla Lorena Chac?n Abril, Jos? Xavier Segarra Ortega, Rub?n Santiago Lasso Lazo, Mar?a de Lourdes Huiracocha Tutiv?n
KL Chac?n Abril, DF Orellana Cobos, J Marcela, Q Lazo
JL Alb?n Tigre, DG Alvarado Ca?izares, JA Ar?valo Rojas
F Vega, J Medina, D Mendoza,V Saquicela,M Espinoza
F Vega, J Medina, D Mendoza,V Saquicela,M Espinoza
Francisco Vega, W Prez, A Tello,V Saquicela,M Espinoza, Lizandro Solano-Quinde, Maria-Esther Vidal, Alexandra La Cruz
L Solano-Quinde, R Gualan-Saavedra, M Zu?iga-Prieto
J Orellana-Alvear,R Celleri, R Rollenbeck, J Bendix
A Correa, D Windhorst, D Tetzlaff, P Crespo,R Celleri, J Feyen, L Breuer
P Mu?oz,R Celleri, J Feyen
J Feyen, P Crespo,R Celleri
R Celleri, P Willems, J Feyen
R Celleri, P Willems, J Feyen
R Celleri, P Willems, W Buytaert, B De Bi?vre, J Feyen
W Buytaert,R Celleri, B De Bievre, JA Deckers, G Wyseure
J Ulloa, D Ballari, L Campozano, E Samaniego
P Samaniego, E Samaniego, A Samaniego, F Astudillo, M D?az, D Cordero
K Santacruz, EP Samaniego Alvarado
PV Mosquera, H Hampel, RF V?zquez, M Alonso, J Catalan
RF V?zquez, J Feyen, J Berlamont
RF V?zquez, P Willems, J Feyen, J Berlamont
F Vega, J Medina, D Mendoza,V Saquicela,M Espinoza
F Vega, J Medina, D Mendoza,V Saquicela,M Espinoza
Francisco Vega, Wilson P?rez, A Tello,V Saquicela,M Espinoza, Lizandro Solano-Quinde, Maria-Esther Vidal, Alexandra La Cruz
V Saquicela,M Espinoza, N Piedra, BV Terrazas
M Espinoza, J Gracia, R Trillo, E Mena
M Espinoza-Mej?a, P ?lvarez
A Correa, D Windhorst, D Tetzlaff, P Crespo,R Celleri, J Feyen, L Breuer
J Feyen, P Crespo,R Celleri
P Crespo, A B?cker, J Feyen, L Breuer, KB Vach?, HG Frede
J Carrion, WF Baker, JA Cavanagh, RC Stewart, JE MacDonald, C Besjak
Manuel Raul Pelaez-Samaniego, Rita L Hummel, Wei Liao, Jingwei Ma, Jim Jensen, Chad Kruger, Craig Frear
MR Pelaez-Samaniego, KR Englund
GP Ferraz, C Frear, MR Pelaez-Samaniego, K Englund, M Garcia-Perez
J. A. Garcia-Nunez, M. R. Pelaez-Samaniego, M. E. Garcia-Perez, I. Fonts, J. Abrego, R. J. M. Westerhof,M. Garcia-Perez
M Bernal, J Feyen
J Feyen, M Milia, HBV Hoof, K Quinde, V Ochoa, V Abril, J Bojorque
V Haro, W P?rez,V Saquicela
Gisela C. Ruiz G., Edgar A. Maya O., Carlos A. V?squez A., Hern?n M. Dom?nguez L., Diego H. Peluffo O.
EM Carri?n, EA Maya O., HM Dom?nguez L., DH Peluffo O.
HM Dom?nguez L., EA Maya O., DH Peluffo O., CMC ?.
MED Correa
JF Mora, MP Abad
M Bernal
J Feyen, P Crespo,R Celleri
R D?az-Granda, L Huiracocha
J Reinoso
S Calle, S Chasiluisa, J Carvajal, R Herrera
K Abad, JP Carvallo
I Mar?n-Guti?rrez, D Rivera, M Gonz?les, A Vel?squez
A Calle, E Alvarez, S L?pez, G Mara??n, F Mayorga, JM Lav?n
AM Calle, J Argudo, P Cabrera, MD Calle, MV Le?n
Mariana Garcia, Darren Henry, Tessa Schulmeister, Jefferson Ben?tez, Martin Ruiz Moreno, Jennifer Cuenca, Christian Ponce, Nicol?s DiLorenzo
E Avila, F Albarrac?n, J Bojorque
ME Maldonado
AA Chavez E.
M Pilamunga P., D R?os I.
JD Reis, J Le?n, C Chang
RD Rojas
AL Cruz, AL Zeas P., EA Quishpi M., JL Campoverde V., HKGBV Morocho
F Torres, C S?nchez, K Palacio-Baus
J Medina H., P V?lez N.
J Guam?n, D Guevara, A R?os
F Pe?a, J Viola, J Restrepo
C Vargas, D Guevara, A R?os
G Ampu?o, W Agila, H Cevallos
JP Pozo G.
D Ballari, L Vilches, DR Perez, D Pacheco, V Fern?ndez
EA Pacheco T., VM Carrillo S.
P Samaniego, E Samaniego, A Samaniego, F Astudillo, M D?az, Dolores Cordero
S Blume
E Piedra, X V?lez, L Arciniegas, A Pacurucu, P Cabrera, F Mora
HB Van Hoof, AC Navas, A Fan, KF Pacheco, M?G Cordero
MF Villaz?n, LM Timbe, P Willems
FV Alvarado, AO M?ndez, PT Ambrosi
LM Timbe, EP Timbe
P Crespo, A B?cker, J Feyen, L Breuer, KB Vach?, HG Frede
K Santacruz, EP Samaniego Alvarado
KK Zander, A Saeteros, D Orellana, VT Granda, A Wegner, A Izurietah, Stephen T Garnett
D Orellana, C Hermida, P Osorio
NE Cabrera, D Orellana, MA Hermida, PE Osorio
J Guyot-T?phany, C Grenier, D Orellana
J Guyot-T?phany, C Grenier, D Orellana
M Wachowicz, AH Vazquez, DE Ballari, D Orellana, A Rodriguez
O Carranza, G Garcer?, E Figueres, LG Gonz?lez
R P?rez-?lvarez, M P?rez-Sanagust?n, J Maldonado
Ronald P?rez-?lvarez, Jorge J Maldonado, Diego Sapunar-Opazo, Mar P?rez-Sanagust?n
Ronald P?rez-?lvarez, J Maldonado, Ricardo Rendich, Mar P?rez-Sanagust?n, Diego Sapunar
A Mel?ndez, M Rom?n, M P?rez-Sanagust?n, J Maldonado
J Mart?nez Borrero
Dolores Sucozha?ay, L Siguenza Guzman, C Zhimnay, Dirk Cattrysse, Martin Euwema, Karel De Witte
E Colina, M Falcon?, V Morocho, J Medina, A Mora
Alexandra La Cruz, P Zeas, L Ana, M Quishpi, A Estefan?a, V Campoverde, L Johanna, K Heydi, V Morocho
MA Vintimilla
MA Vintimilla
Aurelio San-Mart?n, Viviana Donoso, Sergio Leiva, Mitchell Bacho, Solange N??ez, Margarita Gutierrez, Juana Rovirosa, Natalia Bail?n-Moscoso, Sandra Cuenca Camacho, Omar Malagon Aviles, ME Cazar
A Quezada, F Mart?nez, ME Cazar
JM Parra, W Valdez, A Guevara, P Cedillo, J Ort?z-Segarra
M Zu?iga-Prieto, P Cedillo, J Gonzalez-Huerta, E Insfran, S Abrah?o
JI Ortiz Segarra, P Cedillo, G Carpio
V Saquicela, Luis. M. Vilches-Bl?zquez, ?scar Corcho
Luis M. Vilches-Bl?zquez,V Saquicela, Oscar Corcho
V Saquicela,M Espinoza-Mejia, Kenneth Palacio, Humberto Alban
V Saquicela, Luis. M. Vilches-Bl?zquez, Oscar Corcho
J. Avila, X. Riofrio, K. Palacio-Baus, M. Espinoza-Mejia,V Saquicela
Xavier Sumba, Freddy Sumba, A tello, Fernando Baculima,M Espinoza,V Saquicela
V V Osipov, V V Lisenkov, V V Platonov
V. V. Kostrov, V. V. Chekushkin, V. V. Bulkin
V. V. Osipov, V. V. Lisenkov, V. V. Platonov
V. V. Sokolov, V. V. Tolmachev
V. V. Primachenko, V. V. Martynenko
V. V. Trubitsyn, V. V. Chervov
V. V. Pankajalakshmi, V. V. Taralakshmi
V. V. Nemoshkalenko, V. V. Gorskii
V. V. Zhukov, V. V. Serpinskii
V. V. Buldygin, V. V. Zayats
V. V. Buldygin, V. V. Zayats
V. V. Buldygin, V. V. Zayats
V. V. Vorobev, V. V. Shemetov
V. V. Gromov, V. V. Surikov
V. V. Ivanov, V. V. Salomatov
V. V. Znamenskii, V. V. Lunev
V. V. Buldygin, V. V. Zayats
V. V. Goldberg, V. V. Lychagin
V. V. Grigor?ev, V. V. Kabanov
V. V. Korolov, V. V. Levy
V. V. Titkov, V. V. Filatov
V V Fedorchuk, V V Filippov
V. V. Egorov, V. V. Batrakov
V. V. Protopopov, V. V. Danilov
V. V. Gol?dberg, V. V. Lychagin
V. V. Mkhitaryan, V. V. Dobrovitski
V. V. Goldberg, V. V. Lychagin
V. V. Sorokina, V. V. Kulygin
V. V. Ratkin, V. V. Malakhov
A Alvarado, Y Amerlinck, S Vedantam, P Goethals, I Nopens
A lUZ Borrero
LM Timbe, EP Timbe
E Timbe, D Windhorst, P Crespo, HG Frede, J Feyen, L Breuer
Lutz Breuer, Jean-Fran?ois Exbrayat, Ina Plesca, Wouter Buytaert, Theresa Ehmann, Thorsten Peters, Edison Timbe, Katja Trachte, David Windhorst
J-F Exbrayat, E Timbe, I Plesca, P Kraft, D Windhorst, K Trachte, W Buytaert, L Breuer
LM Timbe Castro, EP Timbe Castro
Wilson Quizhpe, Dario Veintimilla, Zhofre Aguirre, Nelson Jaramillo, Edwin Pacheco, Ra?l Vanegas, Oswaldo Jadan
O Jadan, B Torres, D Selesi, D Pe?a, C Rosales, S G?nter
O Jadan, B Torres, D Selesi, D Pe?a, C Rosales, S G?nter
ME Cuenca, O Jadan, K Cueva, C Aguirre
J Mart?nez Borrero
J Mart?nez Borrero
WI Larriva
C Larriva, WIWI Larriva
VN M D?Apuzzo, A Evangelisti, GW Flintsch, E de L Izeppi, DE Mogrovejo
Loja Chimbo, Edgar Rodolfo
L Torres Le?n
M P?rez
M P?rez
MA Hermida, M Neira, N Cabrera-Jara, P Osorio
Natasha Eulalia Cabrera-Jara, Mar?a Augusta Hermida-Palacios, Daniel Augusto Orellana-Vintimilla, Pablo Enrique Osorio-Guerrero
L Solano-Quinde, R Gualan-Saavedra, M Zu?iga-Prieto
M Z??iga?Prieto, J Gonz?lez?Huerta, E Insfran, S Abrah?o
M Zu?iga-Prieto, P Cedillo, J Gonzalez-Huerta, E Insfran, S Abrah?o
M Zu?iga-Prieto, S Abrahao, E Insfran
A Mart?nez Moscoso, VG Aguilar Feij?
AM Moscoso
AM Moscoso
ML Guill?n Gaibor
FA Mart?nez Moscoso
AM Moscoso
F Vega, W Prez, A Tello,V Saquicela,M Espinoza, L Solano-Quinde, Maria-Esther Vidal
DP V?lez Abad
A Maxi, J Carlos
V Heras, X Salazar, C Rodas, T Steenberghen, K Van Balen
M? Novillo Verdugo
JP I?amagua Uyaguari, A Jenet, LG Alarc?n Guerra, S V?lchez Mendoza, F Casasola Coto, MA Wattiaux
D Sucozha?ay, L Siguenza Guzman, C Zhimnay, D Cattrysse, M Euwema, K De Witte
F Vega, J Medina, K Palacio-Baus,V Saquicela,M Espinoza
F Torres, C S?nchez, KPB Baus
L Solano-Quinde, R Gualan-Saavedra, M Zu?iga-Prieto
F Vega, W Prez, A Tello,V Saquicela,M Espinoza, L Solano-Quinde, ME Vidal, A La Cruz
R Gual?n, J Guillermo, W P?rez, L Solano-Quinde, W Ram?rez-Montalvan, A La Cruz
LD Solano-Quinde, BM Bode, AK Somani
LD Solano-Quinde, BM Bode
MM M?ndez
FX Flores, FA Charney
MF Granda, N Condori-Fern?ndez, TEJ Vos, O Pastor
MF Granda
LH Montero
L Herrera Montero
LH Montero
LH Montero
LA Herrera
LH Montero
LH Montero
L Herrera Montero
L Herrera Montero
L Herrera Montero
L Herrera Montero
L Herrera Montero
L Herrera Montero
L Herrera Montero
M Troya Castro
MV Vargas Sevilla
LA Herrera
C Mont?far, L Herrera, M Unda
Eloy Alfaro Reyes, Jose? Chala? Cruz, Florencio Delgado Espinoza, Amparo Eguiguren Eguiguren, Patricio Guerrero Arias, Luis Herrera Montero, Ana Mari?a Larrea, Marcos Rivadeneira Silva, Jose? Sa?nchez-Parga, Mari?a Amelia Viteri
Katerine Enriquez, Eloy Alfaro, Jos? Enrique Juncosa Blasco, Florencio Delgado Espinoza, Marcos Rivadeneira Silva, Jos? Chala Cruz, Amparo Eguiguren Eguiguren, Patricio Guerrero Arias, Luis Herrera Montero, Ana Mar?a Larrea, Jos? S?nchez Parga, Amelia Mar?a Viteri
L Herrera
Jos? Enrique Juncosa Blasco, Patricio Guerrero, Luis Herrera, Ren? Unda, Amanda Tello, Rosana Guber, Teresa Dur?n, Raquel Wiggers, Calderipe Farias Rufino, M?rcia Regina, Jorge Nu?ez, Andr?s Pantoja, Hans Bertenbreiter, Andr?s Rojas
L Herrera Montero, E Romero
L Vaca, R Noem?
Esteban Laso Ortiz, Jos? Enrique Juncosa Blasco, Patricio Guerrero, Luis Herrera, Ren? Lara Unda, Amanda Tello, Teresa Dura?n, Raquel Wiggers, Rosana Guber, Jorge Nun?ez, Andre?s Pantoja, Hans Bertenbreiter, Andre?s Rojas, Daniel Llanos Erazo, Tamara Puente, Castro Gladys, Co?ndor Narciza, Alberto Conejo, Iza Aurora, Pascale Laso, Miguel Crespo Mercha?n, Paola Espinoza Berrezueta, Pilar Cueva Calle, Juan Loyola, Ce?sar Pala?cios Rivera, Fernando Moscoso Mercha?n, Mari?a Vero?nica Di Caudo
L Herrera Montero
MI Man?ana, MJ Boada
L Herrera
L Herrera
L Herrera Montero
L Herrera
L Herrera
LA Herrera Montero, T Ort?z, L Herrera Montero, V Garc?s, L Fernando
LAH Montero
Ecuador. Ministerio de Bienestar Social, Ecuador. Direcci?n Nacional de la Mujer, Agencia Espa?ola de Cooperaci?n Internacional
L Herrera Montero
LH Montero
R Cooke, LAS Herrera
Javier Ruiz-del-Solar, Rodrigo Palma-Amestoy, Pablo Guerrero, Rom?n Marchant, Luis Alberto Herrera, David Monasterio
JR de Oliveira, RAF Romero
LH Montero
LH Montero, M de Ara?jo Silva
LH Montero
RM Mu?oz, N Pontarollo
RM Mu?oz, N Pontarollo
MR Szeles, RM Mu?oz
RM Mu?oz, N Pontarollo
Rodrigo MENDIETA MU?OZ, Monica R?ILEANU-SZELES, Pablo BELTR?N ROMERO, Juan Andr?s PIEDRA PE?A
Mercy ORELLANA BRAVO, Rodrigo MENDIETA MU?OZ, Pablo BELTR?N ROMERO, Monica R?ILEANU-SZELES
RM Mu?oz, M Raileanu-Szeles, PB Romero, JAP Pe?a
MO Bravo, RM Mu?oz, PB Romero, M Raileanu-Szeles
RM Mu?oz
RM Mu?oz
Guido Marcelo Pinos Abad, Ver?nica Patricia Pinos V?lez, Mireya del Pilar Palacios Cordero, Silvia Lucia L?pez Alvarado, Jessica Ercilia Castillo Nu?ez, William Alfredo Ortiz Ochoa, Elena Monserrath Jerves Hermida, Paul Enzlin
Guido Marcelo Pinos Abad, Ver?nica Patricia Pinos V?lez, Mireya del Pilar Palacios Cordero, Silvia Luc?a L?pez Alvarado, Jessica Ercilia Castillo Nu?ez, William Alfredo Ortiz Ochoa, Elena Monserrath Jerves Hermida, Paul Enzlin
E Zalamea-Le?n, F Quesada
E Zalamea-Leon, F Quesada
F Quesada
F Quesada Molina
VG Mena, F Quesada, ML Catal?n, DO Vald?s, A Serrano
ML Catal?n, F Quesada, VG Mena, DV Orellana, A Serrano
DO Valdez, F Quesada, ML Catal?n, VG Mena, A Serrano
A Serrano, F Quesada, ML Catal?n, VG Mena, DO Valdez
Silvana Vanessa Astudillo Dur?n, Ximena Catalina Carpio Guerrero, Fabi?n Patricio Cordero M?ndez, Santiago Estuardo Pozo Rodr?guez
SV Astudillo Dur?n
J Veintimilla-Reyes, A De Meyer, D Cattrysse, J Van Orshoven
JE Veintimilla Reyes, D Cattrysse, J Van Orshoven
LM Guill?n, JM Cartuche, JG Aung?isaca, JV Reyes
L Mu?oz, J Medina, J Guillermo, JE Veintimilla Reyes
Lissette Mu?oz Guill?n, Jos? Medina Cartuche, Juan Guillermo Aung?isaca, Jaime Veintimilla-Reyes
J Veintimilla-Reyes, FC Espinoza, ET Espinoza, J Pino
JE Veintimilla, MM Espinoza, FE Cisneros
J Veintimilla
F Cisneros, J Veintimilla
JE Veintimilla Reyes
P Urgil?s, F Germ?n, JE Veintimilla Reyes
MJ V?lez Criollo
M V?lez C., P V?lez Le?n
VG Mena, FQ Molina, ML Catal?n, DO Vald?s, A Serrano
A Serrano, FQ Molina, M L?PEZ
ML Catal?n, FQ Molina, VG Mena, DV Orellana, A Serrano
DO Valdez, FQ Molina, ML Catal?n, VG Mena, A Serrano
AX Cordero Ord??ez, VF Guill?n Mena
G Esquivel, V Guill?n
V Guill?n, L Padilla
V Guill?n-Mena, D Orellana
VG Mena, FQ Molina, M L?pez, DO Catal?n, AS Vald?s
DO Valdez
VG Mena
A Barrag?n-Escand?n, J Terrados-Cepeda, E Zalamea-Le?n
Antonio Barrag?n-Escand?n, Julio Terrados-Cepeda, Esteban Zalamea-Le?n, Pablo Arias-Reyes
E Zalamea-Le?n, F Quesada
E Zalamea-Leon, F Quesada
E Zalamea
EF Zalamea Leon
E Zalamea, R Garc?a Alvarado
EZ Le?n
E Zalamea Le?n
E Zalamea, RG Alvarado, MT Kelly, P Wegertseder, S Baeriswyl, L Cenci
RG Alvarado, CM Viveros, G Wandersleben, E Zalamea
D Achig
D Achig, E Contento
D Achig, R Rojas, A Angulo, Y Contento, Esther, Cabrera
D Achig, M Rivas
Y Zhang, D Achig
D Achig
D Achig
D Achig, M Masapanta, A Pulla
D Achig
A David
D Achig
D Achig
D Achig
D Achig
D Achig
D Achig
Geovanny Ren? Abril Idrovo, Achig Balarezo, David Ricardo, Auquilla F?rez, Jos? Joaqu?n, Dur?n Mendieta, Ezqu?as Mois?s, Gabriel Estuardo Tenorio V?lez
E Sigcha, J Medina, F Vega,V Saquicela,M Espinoza
L Mu?oz, J Medina, J Guillermo, JE Veintimilla Reyes
E Colina-Morles, J Medina, M Falcon?, V Morocho
Tom?s L?pez-Guzm?n, Ana Lucia Serrano L?pez, Jes?s Claudio P?rez G?lvez, Santiago Domingo Carpio ?lvarez
AL Serrano, E Villafuerte
A Tosi Velez, AL Serrano Lopez
AL Serrano
AL Serrano, M Jaramillo, I Sanmart?n, I Avecillas
AL Serrano, E Villafuerte
HBV Hoof, AL Serrano, L Torres
SR GIR?N
S Ana Lucia
AL Serrano
AL Serrano
MLH Tutiven, RDR Sulbar?n, MSH Tutiv?n
KLC Abril, JXS Ortega, RSL Lazo, MLH Tutiv?n
GEM Ochoa, DEM Avilez, MLH Tutiv?n, MEA Ulloa, SVA Ulloa
Gabriela Estefan?a Molina Ochoa, Diana Elizabeth Morales Avilez, Mar?a de Lourdes Huiracocha Tutiv?n, Abril Ulloa, Sandra Victoria Abril Ulloa
Mar?a de Lourdes Huiracocha Tutiv?n, Suart Blume, P Orellana, U Abril, D?az Granda, Ruth Cumanda, L Sempertegui, S Palacios, N Monsalve, H Barahona, A Jorge, H Artega, P Almeida, C Juan, Mirian Sof?a Huiracocha Tutiv?n
Rub?n Lasso Lazo, Karla Lorena Chac?n Abril, Jos? Xavier Segarra Ortega, Mar?a de Lourdes Huiracocha Tutiv?n
ML Huiracocha Tutiv?n, RD Rojas Sulbar?n, MS Huiracocha Tutiv?n
MT Segarra Ortega, JX Segarra Ortega, SP Tigre Fajardo
Jaime Bojorque I?eguez, Mat?as Federico Milia, Karina Quinde Herrera, Marlene G?a Cornejo, Calle Calle, Ana Mar?a, Ana Mej?a Espinoza, Santiago Pozo Rodr?guez, Mar?a de Lourdes Huiracocha Tutiv?n
ML Huiracocha Tutiv?n
Mar?a de Lourdes Huiracocha Tutiv?n, Carlos Alberto Almeida Delgado, H Arteaga, H Arteaga, A Jorge, H Quezada, E Juan, H Barahona
Mar?a de Lourdes Huiracocha Tutiv?n, Gladys Robalino Izurieta, Mirian Sof?a Huiracocha Tutiv?n, Jorge Luis Garc?a Alvear, Paz?n Torres, Carmen Germania, Ayde? Narcisa Angulo Rosero
S Alvarez, G Pulla
ML Huiracocha Tutiv?n, PG Jaramillo Flores
A del Carmen, A Espinoza, ML Huiracocha Tutiv?n, P Almeida
F Baculima, JL Cullcay, F Sumba,M Espinoza,V Saquicela
L Lupercio, F Baculima,M Espinoza,V Saquicela
J Rey-Perez, J Rey-Perez, ME Siguencia ?vila, ME Siguencia ?vila
ME Siguencia Avila, S Vintimilla Andrade, S Auquilla Zambrano
ME Siguencia Avila, A Pereira Roders, K Van Balen
ME Siguencia Avila
VA Barrera Salamea, ME Siguencia Avila, Z Andrade, P Nataly
E Sigcha, J Medina, F Vega,V Saquicela,M Espinoza
Alexandra La Cruz, Ruben Medina, Francisco Vega, Wilson P?rez, Blanca Ochoa,V Saquicela,M Espinoza, Lizandro Solano-Quinde, Maria-Esther Vidal
J Duran, D Argudo, S Bravo, C Soria, G Guevara, R Alberio
D Argudo, C Soria
C ??iguez, D Galarza, D Argudo, R Alberio
C ??iguez, D Brito, N Reinoso, D Galarza, D Argudo, R Alberio
S Bravo, R Alberio, D Argudo, L Dur?n, F Perea
L Galarza, F Perea, R Guevara, J Alvarado, D Argudo
Daniel Argudo, J Balvoa, M Tenemaza, Silvana M?ndez, Manuel Soria, Luis Ayala, Luis Galarza, F Hern?ndez, Fernando Perea
Jorge Samaniego, Luis Ayala, Pedro Nieto, Ramiro Rodas, Juan V?zquez, Yury Murillo, Jorge Dut?n, Guido Calle, D Argudo, Fernando Perea
Manuel E Soria Parra, Carlos A Soria Parra, Daniel Argudo Garz?n, Guillermo Serpa Garc?a, Silvana M?ndez ?lvarez, Carlos Torres Inga, Guillermo E Guevara Viera
DA Galarza, EE Valverde, ME Soria, DE Argudo, HP Bueno, MS M?ndez, CU Iñiguez, RH Alberio
MS M?ndez, DA Galarza, DE Argudo, HP Bueno, CU Iñiguez, ME Soria, CS Torres, RH Alberio
M Soria, C Soria, D Argudo, G Serpa, S M?ndez, C Torres, G Guevara
D Argudo, C Soria, J Dur?n, S Bravo, JP Alvarado, R Alberio
DE Argudo Garz?n
N Arich?bala Cabrera, DE Argudo Garz?n
RM Gual?n-Saavedra, LD Solano-Quinde
Achig Balarezo, Fausto Cardoso Mart?nez, M?nica Lorena V?zquez Torres, David Francisco Jara Avila, Mar?a Gabriela Barsallo Ch?vez, Tatiana Elizabeth Rodas Aviles, Gabriela Elizabeth Garc?a V?lez
A Balarezo, D Ricardo
MC Achig, MC Paredes, MG Barsallo
MC Achig-Balarezo, PM Cecilia, G Barsallo
MC Achig-Balarezo, L Abad
A Balarezo, M Cecilia, MG Barsallo Ch?vez, ST Vintimilla Andrade
MC Achig, D Jara, F Cardoso, K Van Balen
MCA Balarezo, DJ ?vila, FC Mart?nez, K Van Balen
A Balarezo, J Francisco
A Balarezo
A Balarezo, J Francisco, RG Estrella Maldonado
A Balarezo, MC Paredes Castro
Geovanny Ren? Abril Idrovo, Achig Balarezo, David Ricardo, Auquilla F?rez, Jos? Joaqu?n, Dur?n Mendieta, Ezqu?as Mois?s, Gabriel Estuardo Tenorio V?lez
A Correa, D Windhorst, D Tetzlaff, C Silva, P Crespo,R Celleri, J Feyen, L Breuer
A Correa, D Windhorst, D Tetzlaff, C Silva, P Crespo,R Celleri, J Feyen, L Breuer
E Timbe, J Feyen, L Timbe, P Crespo,R Celleri, D Windhorst, HG Frede, L Breuer
A Nauditt, L Ribbe, C Birkel,R Celleri
A Correa, C Silva, D Windhorst, P Crespo,R Celleri, J Feyen, L Breuer
G Mosquera, PX Lazo,R Celleri, KB Vache, C Segura, P Crespo
G Mosquera, L Breuer, D Windhorst,R Celleri, P Lazo, K Vach?, P Crespo
G Mosquera, P Lazo, P Crespo,R Celleri
G Mosquera, P Lazo,R Celleri, BP Wilcox, L Breuer, D Windhorst, P Crespo
E Timbe, D Windhorst,R Celleri, L Timbe, P Crespo, HG Frede, J Feyen, L Breuer
B De Bievre,R Celleri, P Crespo, B Ochoa, W Buytaert, C Tob?n, M Villac?s, MF Villazon, C Llerena, M Rodriguez, P Vi?as
W Buytaert, M Vuille, AV Karmalkar, R Urrutia,R Celleri
R Celleri, P Willems, W Buytaert, J Feyen
R Celleri, P Willems, J Feyen
W Buytaert,R Celleri, B De Bievre, JA Deckers, G Wyseure
W Buytaert,R Celleri, B De Bievre, JA Deckers, G Wyseure
B De Bievre, A Alvarado, L Timbe,R Celleri, J Feyen
P Hamel, D Riveros?Iregui, D Ballari, T Browning,R Celleri, D Chandler, Kwok Sun Chun, Georgia Destouni, Suzanne Jacobs, Scott Jasechko, Mark Johnson, Jagdish Krishnaswamy, Mar?a Poca, Patricia Pompeu, Humberto Rocha
W Buytaert,R Celleri, B De Bievre
P Crespo, F Cisneros, P Torres,R Celleri, J Feyen
G Carrillo-Rojas, B Silva, M C?rdova,R Celleri, J Bendix
P Torres,R Celleri, F Cisneros, J Feyen
R Celleri, P CRESPO, B DE BI?VRE, L ACOSTA
J Contreras, D Ballari, E Samaniego
L Campozano, A V?zquez?Pati?o, D Tenelanda, J Feyen, E Samaniego, E S?nchez
S Pedro, E Samaniego, A Samaniego, F Astudillo, M D?az, D Cordero
R Gual?n, E S?nchez, L Campozano, E Samaniego, ? V?zquez
J Bojorque I?eguez, E Samaniego, AL Borrero Vega, D Cuesta Delgado, K Quinde Herrera, S Pozo Rodr?guez, F Gerardo Berm?dez, C Castro
A Quichimbo, RF V?zquez, EP Samaniego Alvarado
Q Chen, J Andrade, E Samaniego
E Chaves, A Huespe, J Oliver, E Samaniego
J Oliver, AE HueSpe, MDG Pulido, E Samaniego, ETSES de CaminS, CanalS i PortS
L Campozano, D Tenelanda, E Sanchez, E Samaniego, J Feyen
J Oliver, E Samaniego, E Chaves, A Huespe
E Samaniego, H Talebi, C Samaniego, T Rabczuk
G Sotomayor, H Hampel, RF V?zquez
AM Studholme, H Hampel, DS Finn, RF V?zquez
M Alonso, P Mosquera, H Hampel, RF V?zquez
M Alonso, P Mosquera, H Hampel, RF V?zquez
A Quichimbo, RF V?zquez
CI Montalvo, OA Abril, RF V?zquez
F Mart?nez-Capel, H Hampel, RF V?zquez
LF Duque, RFV Zambrano
I Nolivos, M Villac?s, RF V?zquez, DE Mora, L Dom?nguez-Granda, H Hampel, E Velarde
A Quichimbo, RF V?zquez, EP Samaniego Alvarado
RF V?zquez, D Isidoro, B Sayah
D Qu?lez y S?ez de Viteri, R Arag??s Lafarga, D Isidoro Ram?rez, RF V?zquez
RF V?zquez
RF V?zquez, K Beven, J Feyen
RF V?zquez
RF V?zquez, J Feyen, J Berlamont
RF Vazquez, J Feyen
RF V?zquez, J Feyen, J Berlamont
L Feyen, RF V?zquez, K Christiaens, O Sels, J Feyen
B Sayah, RF V?zquez, D Isidoro
ME Mej?a, E Montiel-Ponsoda, GA de Cea, A G?mez-P?rez
E Sigcha, J Medina, F Vega,V Saquicela,M Espinoza
R Gual?n, R Freire, A Tello,M Espinoza,V Saquicela
J Ortiz, J Segarra, X Sumba, J Cullcay,M Espinoza,V Saquicelak
D Chimbo, P Contreras, A Tello,M Espinoza
LXE Garz?n, LEI Pe?a,M Espinoza-Mej?a
Alexandra La Cruz, Ruben Medina, Francisco Vega, Wilson P?rez, Blanca Ochoa,V Saquicela,M Espinoza, Lizandro Solano-Quinde, Maria-Esther Vidal
J Avila, X Riofrlo, K Palacio-Baus, D Astudillo,V Saquicela,M Espinoza-Mej?a
F Baculima, JL Cullcay, F Sumba,M Espinoza,V Saquicela
K Abad, JP Carvallo,M Espinoza,V Saquicela
A Tello, R Freire,M Espinoza,V Saquicela
Nelson Piedra, Janneth Chicaiza, Pricila Quichimbo,V Saquicela, Elizabeth Cadme, Jorge L?pez,M Espinoza, Edmundo Tovar
L Lupercio, F Baculima,M Espinoza,V Saquicela
Alexandra La Cruz, A Tello,M Espinoza,V Saquicela, Patricia Gonzalez, Patricia Gonz?lez, Yoredy Sarmiento, Washintong Ram?rez-Montalv?n, Lizandro Solano-Quinde, Mar?a-Esther Vidal
JE Veintimilla,M Espinoza, FE Cisneros
KSP Baus, ME Mej?a,V Saquicela, H Alb?n, J ?vila, X Riofr?o
V Saquicela, J Bermeo,M Espinoza, B Villaz?n
ME Mej?a, A G?mez-P?rez, E Montiel-Ponsoda
M. Su?rez-Figueroa, M.C and Blomqvist, E. and D?Aquin, M, and Espinoza M. and G?mez-P?rez, A. and Lewen, H. and Mozetic, I. and Palma, R. and Poveda, M. and Sini, M. and Villaz?n-Terrazas, B. Zablith, F. and Dzbor
M Espinoza Mej?a, A G?mez-P?rez, E Montiel-Ponsoda
L Lupercio Novillo, M Espinosa Mej?a
E Montiel-Ponsoda,M Espinoza
L Lupercio,V Saquicela, LM Vilches-Bl?zquez,M Espinoza, E Tacuri
MC Su?rez-Figueroa, JAR UPM, J Euzenat, C Le Duc
M Espinoza-Mej?a, P ?lvarez
Alicia Correa, David Windhorst, Doerthe Tetzlaff, Camila Silva, Patricio Crespo,R Celleri, Jan Feyen, Lutz Breuer
Alicia Correa, David Windhorst, Doerthe Tetzlaff, Camila Silva, Patricio Crespo,R Celleri, Jan Feyen, Lutz Breuer
Edison Timbe, Jan Feyen, Luis Timbe, Patricio Crespo,R Celleri, David Windhorst, Hans?Georg Frede, Lutz Breuer
A Correa, D Windhorst, P Crespo,R Celleri, J Feyen, L Breuer
A Correa, C Silva, D Windhorst, P Crespo,R Celleri, J Feyen, L Breuer
G Mosquera, PX Lazo,R Celleri, KB Vache, C Segura, P Crespo
GM Mosquera, C Segura, KB Vach?, D Windhorst, L Breuer, P Crespo
D Windhorst, S Schob, C Zang, P Crespo, L Breuer
G Mosquera, L Breuer, D Windhorst,R Celleri, P Lazo, K Vach?, P Crespo
G Mosquera, P Lazo,R Celleri, BP Wilcox, L Breuer, D Windhorst, P Crespo
G Mosquera, P Lazo, P Crespo,R Celleri
B De Bievre,R Celleri, P Crespo, B Ochoa, W Buytaert, C Tob?n, M Villac?s, MF Villazon, C Llerena, M Rodriguez, P Vi?as
P Crespo, M Cede?o, M V?liz
PJ Crespo, PX Lazo, GM Mosquera, IL Ca?rdenas
PJ Crespo Sanchez
PJ Crespo S?nchez, A B?cker, J Feyen, KB Vache, HG Frede, L Breuer
P Crespo
V Iñiguez, P Borja, P Crespo, P Cisneros, F Cisneros, J Feyen
P Borja, V Iñiguez, P Crespo, P Cisneros, F Cisneros, J Feyen
V G?rate, P Crespo
R Celleri, P CRESPO, B DE BI?VRE, L ACOSTA
JAN FEYEN, P CRESPO,R Celleri
PB Ram?n, V Iñiguez, P Crespo, P Cisneros, F Cisneros, J Feyen
PB Ram?n, V Iñiguez, P Crespo, P Cisneros, F Cisneros
P Crespo, F Cisneros, P Torres,R Celleri, J Feyen
J Carrion, WF Baker, JA Cavanagh, RC Stewart, JC MacDonald, C Besjak
W Baker, A Beghini, J Carrion, C Tort
William Baker, Alessandro Beghini, Manav Bhatia, Joshua Buckholt, Juan Carrion, Nicola DSouza, Thi Dang, Reinhard Harte, Pankaj Joshi, Stefan Justiz, Rakesh K Kapania, Chris Kling, Wilfried B Kratzig, Kai Kuerschner, Aaron Mazeika, Arkadiusz Mazurek, Guohua Pan, Jihong Qian, Hans Schober, Christian Stutzki, Hiroki Tamai, Rongwei Tang, Yong Tao, Mathew Weglarz, Ralf Wormann, Du Yixin, Pengfei Zhao
JE Carrion, BF Spencer
MA Ponce-Jara, M Castro, MR Pelaez-Samaniego, JL Espinoza-Abad, E Ruiz
JF P?rez, MR Pelaez-Samaniego, M Garcia-Perez
EL Manuel Raul Pelaez-Samaniego, Vikram Yadama, Manuel Garcia-Perez
MRP Samaniego
M Garcia-Perez, K Englund, Z Wang, T Lewis, M Smith, S Zhou, O Das, Manuel Raul Pelaez-Samaniego
RPS Reinaldo Guill?n Gord?n, Arnaldo Mart?nez Reyes, Ismael Villar V?zquez
MRP Samaniego
JC Vielma P., MA Cando L.
JC Ocampo, JS Pulupa, AT Knezevich
P Cedillo, P Beltran, P Rodriguez-Ch
C Bracho-Ortega, F Cuzme-Rodr?guez, C Pupiales-Yepez, L. Su?rez-Zambrano, D. Peluffo-Ordo?ez, C. Moreira-Zambrano
JD Brito, JL Bermeo
JP Torres, J., Carvallo
S Cadena-Vela, R Enr?quez-Reyes
JE Rivadeneira, B Halak
M Villamizar, G Pedraza
P Cedillo, JF Borja, EM Lazo
AD Morales,V Saquicela
LG L?pez, EL Coronel, ML Labanda
F Sumba, J Ortiz, V Segarra, J., Saquicela
C Rojas-Mu?oz,V Saquicela
F Loza, A Umaquinga, O O?a, J Ter?n, C Mej?a
CM Jaramillo, LR J?come, ?J Ord??ez, ME Gaona, JT Carri?n, MA Palma
W P?rez, V Haro,V Saquicela
L Herrera-Izquierdo, M Grob
JA Palacios, KL Ponce, EA Maya, DH Peluffo, KP Negrete, Hern?n M. Dom?nguez
C J., O J., S X., S F., S V.
R Medina, S Bautista, ALZ Puga, V Morocho
A Mar?a-In?s, ? Priscila, CJ Pablo, U Cecilia
J Vel?squez, H Herrera, L Encalada, S Wong, E Severeyn
D Pillo-Guanoluisa, R Enr?quez-Reyes
C Vintimilla, F Astudillo-Salinas, E Severeyn, L Encalada, S Wong
PM M?ndez, HM Villa, AS Cisneros
J Vargas, D Guevara, F Mayorga, E Jim?nez
CS Torres-Inga, GE Guevara-Viera, RV Guevara-Viera, M.S. M?ndez-?lvarez, M.E. Soria- Parra, F.G. Berm?dez
PJ Lascano, CN Arcos, RV Guevara, CS Torres, GE Guevara, VG Serpa, L.M. Curbelo, R.M. Pedraza
JB Dut?n, LE Ayala, ER Rodas, PE Nieto, JM V?zquez, JL Pes?ntez, O.S. Andrade, M.T. Pes?ntez, R.V. Guevara, G.V. Guevara, Y.A. Murillo, V.G. Serpa, R.A. Vanegas, J.G. Bustamante, G.R. Calle, V.V. Ortega, J.X. Samaniego
VV Ortega, JB Dut?n, LE Ayala, ER Rodas, PE Nieto, JM V?zquez, J.L. Pes?ntez, O.S. Andrade, M.T. Pes?ntez, R.V. Guevara, G.V. Guevara, Y.A. Murillo, V.G. Serpa, R.A. Vanegas, J.G. Bustamante, G.R. Calle, J.X. Samaniego
DA Perdomo-Carrillo, FP Perea-Ganchou, E Soto-Belloso, J.A. Pi?a-Monsalve, P.A. Moratinos-L?pez, M.D. Mart?nez-L?pez, M.S. Perea-Brugal
MG Villa, AE Vintimilla, GE L?pez, OS Andrade, JA Narv?ez
OS Andrade, LE Ayala, PE Nieto, JL Pes?ntez, ER Rodas, JM V?zquez, Y.A. Murillo, Y.M. Aguilar, V.G. Serpa, J.B. Dut?n, J.G. Bustamante, G.R. Calle, V.L. Abad, M.A. Palacios
AA Pirela, HJ Hern?ndez, CC Osorio, A Urdaneta, A J., JP Hern?ndez, J. Mosquera
ER Rodas, LE Ayala, JV Gonz?les, PE Nieto, MT Pes?ntez, JM V?zquez, Y.A. Murillo, J.L. Pesantez, V.G. Serpa, M.E. Soria, G.R. Calle, J.B. Dut?n, J.X. Samaniego
CU ??iguez, DM Brito, NY Reinoso, DA Galarza, DE Argudo, RH Alberio
DE Argudo, JA Balvoa, MA Tenemaza, SM M?ndez, ME Soria, L Ayala, L.R. Galarza, H.J. Hern?ndez, F.P. Perea
LR Galarza, FP Perea, RV Guevara, JP Alvarado, DE Argudo
JC Ram?nez, SG Land?var, JL Pes?ntez, DF Rodr?guez
HM Maldonado, JA Narv?ez, MM Enr?quez, CL Ortu?o
CA Estrella, AG Suconota, LE Ayala
AD De Ondiz-S?nchez, GE Portillo-Mart?nez, CC Osorio-Mel?ndez, M.S. Perea-Brugal, F.P. Perea-Ganchou
CU ??iguez, DA Galarza, DE Argudo, RH Alberio
AD De Ondiz-S?nchez, JC Guti?rrez-A?ez, CC Osorio-Mel?ndez, F.P. Perea-Ganchou
AD De Ondiz-S?nchez, ER Soto-Belloso, R Gonz?lez-Fern?ndez, F.P. Perea-Ganchou
JL Le?n, JC Ram?nez, L Ayala, J V?zquez, R Rodas, JL Pes?ntez
JX Samaniego, LE Ayala, PE Nieto, ER Rodas, JM V?zquez, YA Murillo, J.B. Dut?n, G.R. Calle, D.E. Argudo, F.P. Perea
KA Astudillo, LE Ayala, FM Astudillo, JX Samaniego, CS Hern?ndez, M.M. Jaramillo
FP Perea, AI Quezada, AR Mocha, DE Argudo, L Ayala, SM M?ndez, M.E. Soria, L.R. Galarza, H.J. Hern?ndez
FP Perea-Ganchou, E Soto-Belloso, JA Pi?a-Monsalve, D.A. Perdomo-Carrillo, P.A. Moratinos-L?pez, M.D. Mart?nez-L?pez, M.S. Perea-Brugal
FP Perea-Ganchou, DA Perdomo-Carrillo, E Soto-Belloso, J.A. Pi?a-Monsalve, P.A. Moratinos-L?pez, M.D. Mart?nez-L?pez, M.S. Perea-Brugal, J.P. Garz?n-Prado
SE Bravo, RH Alberio, DE Argudo, JC Dur?n, FP Perea
Alvarado, J.P, LR Galarza, JP Garz?n, C Batallas, FP Perea, PR Marini
NR Ort?z, LE Ayala, PR Marini
SM Mainato, Guevara-Viera G., AJ Vallecillo
YA Murillo, JM V?zquez, LE Ayala, MT Pes?ntez, JL Pes?ntez, VG Serpa, E.R. Rodas, P.E. Nieto, G.R. Calle, J.G. Bustamante, J.B. Dut?n, O.S. Andrade, V.V. Ortega, J.X. Samaniego
DE Argudo, CA Soria
R Tamasaukas, C Tamasauskas, M Cobo, S Rivera
SM Mainato, AJ Vallecillo
TE Palacios
TE Palacios, SA Urdiales, LC Criollo
CL Ortu?o, JA Narv?ez, JS Loja, H Maldonado, E M., O Andrade
AT Guallpa, JP Garz?n, DA Galarza, CU Iñiguez
MS Garc?a, JP Garz?n, EG L?pez, DA Galarza
PE Nieto, LE Ayala, JB Dut?n, ER Rodas, JM V?zquez, YA Murillo, G.R. Calle, J.X. Samaniego
OS Andrade, EL Galarza, JA Narv?ez, MT Pes?ntez
E Mart?nez, C Coello, J Feyen
M Ort?z, C Rosales, Y Aguilar, Y Murillo, G Serpa, T Paguay, ?G Coronel
TE Palacios
MN Rocano, PG Villena, DF Pe?a
DF Pe?a, PG Villena, ?J Aguirre, CJ Merino
M Alonso, P Mosquera, H Hampel, RF V?zquez
M Alonso, P Mosquera, H Hampel, RF V?zquez
MA de la Cadena
HB van Hoof, AG Torres, LS Rodas, MI Eljuri, MJ Granda
LV L?pez V.
JV Ochoa, XK Guill?n, D Ullauri, J Narv?ez, E Le?n-Mayer, JO Folino
JB Iñiguez
AB Larriva
YE Ledesma, AR Cobos
MED Correa, JSD Correa
E Franco, J Coter?n, J Brito
YE Ledesma, AR Cobos
CLV Garcia
J Guam?n-Quinche, R Guam?n-Quinche, H Torres-Carri?n, Roberth Figueroa-D?az
JR Pati?o S.
JR Pati?o S.
M Zu?iga-Prieto, L Solano-Quinde, E Insfran, Y Cabrera
MG P?rez, M Benalcazar, A Conci, C Fiallos
L Erazo G., L Illescas P., M Mej?a P.
DA Barrag?n R., RA Cazar, MA Mendez
L Mu?oz G., J Medina C., J Guillermo A., J Veintimilla R.
R Gual?n, R Freire, A Tello,M Espinoza,V Saquicela
J Fajardo-Reinoso, D Astudillo-Salinas, L Solano-Quinde, S Wong
C Mart?nez B., R Silva S., B Naranjo G.
AV Granizo R., AA Tacuri U.
V Heredia S., D Astudillo-Salinas
J Vargas, D Guevara, F Mayorga, F S?nchez, D D?az
J Silva C., J Estrada G.
L Tabares M., FO Fern?ndez P., AA Leiva M., J Nummenmaa
D Le?n, F Fern?ndez, P Urrutia
NS S?nchez L., MR Guzm?n, AL Moreno V., M D?az M.
ASV Guayasamin
ME Flores, MM Idrovo, DV Flores
PPJ Torres
RC D?az-Granda, LE D?az-Granda
NA Pe?aloza, GC Zambrano, MP Madero, CM Oleas
G Bojorque, J Heredia
MVV Bernal, MEV Chiquito
SH Olarte
SL Ordo?ez, DP Pillacela Zhunio, JM Salazar, DF Pe?a Tapia
J Drexler, RIR Reyes, ?PC Chal?n, DA Balarezo
LMS Rodas, HB Van Hoof, A Fan, N Ullauri
L Huiracocha, S Blume, A Orellana, L Brito, V Abril, E Chilet, R D?az, Silvia Semp?rtegui, Gicela Palacios, Daniela Monsalve, Jorge A Barahona, Sebasti?n Arteaga, Juan C Almeida, Mirian Huiracocha
A Cueva, HB Van Hoof, R Han, MI Eljuri
IL Carpio
DA Villareal D., SC Gamboa S., LC G?mez F.
R Gallardo, JC Jaramillo V., D Astudillo-Salinas, K Palacio-Baus
JC Guillermo, R Gual?n, LD Solano-Quinde, D Collaguazo-Montalvan, Whasintong Ram?rez-Montalvan, Alexandra La Cruz
A Tello, R Freire,M Espinoza,V Saquicela
S Romero, C Tipantu?a, JA Estrada, J Carvajal
CR Egas A., EF Guam?n G.
J Reyes-Coellar, M Tene, F Astudillo
AF Romero G.
RM Gual?n-Saavedra, LD Solano-Quinde
L Lupercio, F Baculima,M Espinoza,V Saquicela
D Alejandro M., J Alejandro D.
D Auquilla, K Palacio-Baus,V Saquicela
R Medina, E Ibarra, V Morocho, P Vanegas
S Cueva C., P Lude?a G., R Torres T.
G Barros, D Astudillo S.
AL Cruz, A Tello,M Espinoza,V Saquicela, P Gonz?lez, Y Sarmiento, Washintong Ram?rez-Montalvan, Lizandro Solano-Quinde, Mar?a-Esther Vidal
JMV del R?o, JB L?pez
P Cordero, S Vanegas, MA Hermida
G Bojorque, J Torbeyns
NG Alvear, MA Ter?n
E Odriozola
S Cseh
B Rutter
JC Elizalde
MA Brizuela, MS Cid, AF Cibils
DVM Decuadro-Hansen
DVM Decuadro-Hansen
OL Quintero, FL Jaramillo P., M Bastidas
JE Staller
M del Cisne Aguirre U., ?J ?lvarez G.
P Cordero, S Vanegas, MA Hermida
M Qui?ones, JP Tene, K Rohoden, C Carri?n
E P?rez E., PF Bernal B.
NP Layedra L.
CA Pomboza F.
DS Guam?n, JC Caiza, V Mateos
GF Sacarelo V., GA Romero M., P Ch?vez, D Ochoa
E Cadme, N Piedra
PF Bernal B., GX Chafla A., E P?rez E.
C Jord?n V., I Valderrama S.
D Pinto
A Pe?a E., JP Mejia O., JA Valencia A.
MN Homsi
C Chang
PX Jumbo P., DA Nieto M.
B V?liz, V Huilcapi, R Cajo
M Ram?rez, E Colina
E Tusa, H Villegas, A Reynolds, DM Lane, NM Robertson
A Ocampo D., MS Jim?nez J.
D Astudillo S., JG Barros G., E Chaput, AL Beylot
RD Rojas, W Garcia-Gabin
WE Agila, VM Huilcapi
RM Quito A., MV Guanuquiza L., JL Espinoza A., GS Pulla G.
AE Cabrera, HX Cueva, RE Semp?rtegui, JL Espinoza, DR Ochoa, AP Guevara, DV Ochoa
G Schweickardt, C Casanova
CA Bosquez, XA Lascano
DA Toledo O., JC Jaramillo V., FG Santillan S., LG Gonz?lez M.
CS Abril V., RE Arias R., LM Guerrero C., LG Gonz?lez M.
R Gallardo A., S Placencia L., LG Gonz?lez M.
FG Camargo, GA Schweickardt
R Balderrama
J Matamoros V., DCD Witt, RL V?squez, E Pietrosemoli
D Villavicencio, R V?squez, D Mu?oz, E Acosta
G Pauta C, J Chang G
KI Jaramillo M, PIA Ch.
PX Jumbo P, DA Nieto M
CI Montalvo, OA Abril, RF V?zquez
A Quichimbo, RF V?zquez
VM Carrillo, JE Petrie, EA Pacheco
V Tinoco, F Cisneros, E Pacheco, V Carrillo, E Calle, J Dom?nguez, J Garate, K Sol?s
S Estrella, M S?nchez-Juny
SA Ochoa G., T Reyna, S Reyna, M Garc?a, A Patalano, M Labaque
JF Moscoso FS, J ?lvarez R, G Argudo S
D Mise
JIS de la Cruz, AJ Pino V.
R Gual?n, E Sanchez, L Campozano, E Samaniego, Angel V?zquez-Pati?o
C Rosales J., F Le?n C., M Fajardo F., X Jara G.
ME Vanegas, N Garc?a, V V?zquez, D Moscoso
MF Soliz
JM Bernal
A Quichimbo, RF V?zquez, E Samaniego
RF V?zquez, D Isidoro, B Sayah
PG Villena O.
MA Hermida
E Jerves, P Rober, P Enzlin
SA Dur?n, XC Guerrero, FC M?ndez, SP Rodr?guez
VP Pinos, RC ?lvarez, P Tripaldi
J Parra, D Astudillo, P Parra, F Semp?rtegui
MV V?squez
A Aviles A., A Solera S.
J Ortiz S., P Cedillo O., G Carpio P., T Prado L., M Robalino P., I Cobos T.
J Andrade
MA Hermida
OJ Cardenas
J Bojorque
BA Z?rate T.
DE Mora, P Willems
RF V?zquez
LM Timbe Castro, P Willems
JC L?pez, SA Dur?n, XC Guerrero, JD Noboa, OA Mart?nez
P Vanegas, D Cattrysse, JV Orshoven
J Bojorque
D Orellana, C Hermida, P Osorio
D Orellana, F Smith
MA Hermida Palacios, D Orellana
D BALLARI, E ACOSTA, ? ESPINOZA, D Orellana
MA Hermida Palacios, D Orellana, NE Cabrera Jara, P Osorio Guerrero, Christian Calle Figueroa
MA Hermida Palacios, D Orellana
J Guyot-T?phany, C Grenier, E Cl?der, D Orellana
D Orellana
D Orellana
D Orellana
D Orellana, D Ballari
D Orellana, M Wachowicz, E Mu?oz, J Parada, C Renso
N Bahamon, F Sard?, B Joan, J S?nchez, D Orellana, J CoenJaerts, Daniel Mart?n, Diana Z??iga, Antoni Calafat, Mar Flexas, Grabiel Jord?, Manuel Espino, Joan Puigdef?bregas
NE Cabrera-Jara, D Orellana, MA Hermida-Palacios, Pablo Enrique Osorio-Guerrero
D Orellana
DAT Ortiz, LG Gonzalez, O Carranza, RG Baculima
DA Toledo, JC Jaramillo, FG Santill?n, LG Gonzalez
R Gallardo, S Placencia, LG Gonzalez
CS Abril, RE Arias, LM Guerrero, LG Gonzalez
LG Gonzalez, E Figueres, G Garcer?, O Carranza
LG Gonzalez, E Figueres, G Garcer?, O Carranza
LG Gonzalez, E Farf?n, H Zamora
JDV Le?n, O Carranza, JJ Rodr?guez, LG Gonzalez
LA D?Alessio, LG Gonzalez, RO C?ceres
LG Gonzalez, E Colina-Morles, P Vanegas-Peralta, Rodrigo Efra?n Sempertegui-?lvarez
LG Gonzalez, E Figueres, G Garcer?, O Carranza
O Camacho, R Rojas, LG Gonzalez
O Camacho, R Rojas, LG Gonzalez
LG Gonzalez, E Colina, P Vanegas, R Sempertegui
LG Gonzalez
O Carranza, E Figueres, G Garcer?, LG Gonzalez
J Maldonado, Mar P?rez-Sanagust?na, Ren? F. Kizilcecc, Nicol?s Moralesa, Jorge Munoz-Gama

J Maldonado, Mar P?rez-Sanagust?n, Jorge L. Bermeo, Lissette Mu?oz, Guillermo Pacheco, Isabel Espinoza
J Maldonado, J Bermeo, V?lez, Fabi?n
M P?rez-Sanagust?n, J Maldonado, N Morales
MP Sanagust?n, J Maldonado, B Valdenegro
J Maldonado, JL Bermeo, JP Carvallo
R P?rez, M P?rez-Sanagustin, J Maldonado
J Maldonado, J Siguencia, JP Carvallo
M P?rez-Sanagust?n, J Maldonado, R P?rez-?lvarez
J Mart?nez Borrero
J Mart?nez Borrero
J Mart?nez Borrero
J Mart?nez Borrero
J Mart?nez Borrero
J Mart?nez Borrero
J Mart?nez Borrero
J Mart?nez Borrero
J Mart?nez Borrero
J Mart?nez Borrero
J Mart?nez Borrero
J Mart?nez Borrero
J Mart?nez Borrero
J Mart?nez Borrero, T Garc?a
J Mart?nez Borrero
J Mart?nez Borrero, MF Naranjo, SM Y??ez
J Mart?nez Borrero, MF Naranjo, SM Y?nez
J Mart?nez Borrero, MF Naranjo, SM Y??ez
J Mart?nez Borrero, MF Naranjo, SM Y?nez
J Mart?nez Borrero
J Mart?nez Borrero, D Sojos de Pe?a
Diana Sojos de Pe?a, Luc?a Astudillo de Cueva, Ren? Dur?n, Mario Jaramillo, Beatriz Sojos de Barrag?n, J Mart?nez Borrero
J Mart?nez Borrero
J Mart?nez Borrero
J Mart?nez Borrero
J Mart?nez Borrero
J Mart?nez Borrero, H Einzmann
J Mart?nez Borrero
J Mart?nez Borrero
J Mart?nez Borrero
J Mart?nez Borrero
L Siguenza Guzman, A Auquilla, A Van den Abbeele, D Cattrysse
L Siguenza Guzman
P Cabrera Encalada, C Ordo?ez Parra
Dolores Sucozha?ay, L Siguenza Guzman, Cristian Zhimnay, Dirk Cattrysse, Guido Wyseure, Karel De Witte, Martin Euwema
R Medina, S Bautista, A Zeas-Puga, V Morocho
R Medina, S Bautista, P Vanegas, V Morocho
E Colina-Morles, J Medina, M Falcon?, V Morocho
J Molina, M Bartolome, V Morocho, R Medina, A La Cruz
N Pacurucu, L Vivanco, J Astudillo, V Morocho
R Medina, E Ibarra, V Morocho, P Vanegas
R Medina, E Ibarra, V Morocho, P Vanegas
V Morocho, H Chac?n, J Fern?ndez
V Morocho, E Colina-Morles, S Bautista, A Mora, M Falcon?
V Morocho, J Pindo, F Romero
V Morocho
V Morocho
V Morocho, PV Gonz?lez
V Morocho, PV Gonz?lez
V Morocho, Fernando Ing Garrido, John Eco Mora, Fernando O?ate, Fernando Ing Romero, Danilo Ing Barreno, Gustavo Ing Navas

V Morocho, Fernando Ing Garrido, John Eco Mora, Fernando O?ate, Fernando Ing Romero, Danilo Ing Barreno, Gustavo Ing Navas

V Morocho, P Gonz?lez
V Morocho
Villie Morocho, Patricia Dra Gonz?lez, Jos? Dr Garz?n, Yessenia Ing Cabrera, Alberto Calder?n C?rdova, Rosario Achig, Eduardo Fern?ndez
Villie Morocho, Andrea Morales, Ana Feijoo, Andr?s Sarmiento, Mar?a Pilar Garcia-Almirall, Pau Queralt? i Ros
Villie Morocho, Andrea Morales, Ana Feijoo, Andr?s Sarmiento, M Pilar Garcia-Almirall, Pau Queralt? Ros
V Morocho
R Achig Balarezo, P Zhanay Ledesma, V Morocho
N Gonz?les Prado, V Morocho, E Manuel
N PACURUCU, L VIVANCO, V Morocho, J ASTUDILLO
V Morocho, F Saltor
V Morocho, F Saltor, LP Vidal
V Morocho
MA Vintimilla
MA Vintimilla Carrasco
MA Vintimilla
ER Ballesteros, MA Vintimilla
MA Vintimilla Carrasco
MA Vintimilla
MA Vintimilla Carrasco
MA Vintimilla Carrasco
A Carrasco Vintimilla, A Carrasco Vintimilla, MA Vintimilla, C Su?rez
A Carrasco Vintimilla, A Carrasco Vintimilla, MA Vintimilla, C Su?rez
Adri?n Carrasco Vintimilla, Estrella Vintimilla, Vintimilla Pablo, Mar?a Augusta, Adri?n Carrasco Vintimilla, MA Vintimilla, Cecilia Su?rez
Adri?n Carrasco Vintimilla, Mar?a Augusta Vintimilla, Cecilia Su?rez, Adri?n Carrasco Vintimilla, MA Vintimilla, Cecilia Su?rez
Mar?a Milagros Cortezf R. Michael E. Parkhousea,?, Arturo Carpiob,c, Alfredo Campoverde, Patricia Sastred, Glenda Rojase,f
C Mayancela, J Patricio, CS Carre?o Calle
S Tasambay, H Maruja, Y Alvarez, V Jaqueline
Alfredo Campoverde, Mauro Arcentales Cayamcela, Jhon Caguana Mayancela
Jos? Ignacio Ortiz Segarra, Marco Vinicio Freire Argudo, Elvira del Carmen Palacios Espinoza, Bernardo Jos? Vega Crespo, Doriz Ang?lica Jim?nez Brito, Alfredo Campoverde\, Lorena Cristina Eulalia Mu?oz Tigrero, Libia Graciela Alvarado Verdugo
OJ Cardenas Herrera, JA Cabrera Vicu?a, Alfredo Campoverde
Sergio Vicente Guevara Pacheco, Mar?a del C?rmen Ochoa Palacios, U Vintimilla, Alfredo Campoverde, Iv?n Eladio Orellana Cabrera, Juan M Anaya
Lorenzo Melchor, Maria Garcia, Socorro Maria Rodriguez-Pinilla, Ricardo Ramires, Emiliano Honrado, Alfredo Campoverde, Ana Osorio, Katherine Nathanson, Javier Benitez
E Tacuri, L Lupercio, L Geovany, M L?pez
J Veintimilla-Reyes, FC Espinoza, E Tacuri, J Pino
L Lupercio,V Saquicela, LM Vilches-Bl?zquez,M Espinoza, E Tacuri
Anja Wijffels, Rene Estrella Maldonado, E Tacuri, Jos Van Orshoven, Dirk Cattrysse, Bart Muys, Gerard Govers, F Cisneroas
A Wijffels, E Tacuri, P Torres, P Cisneros, E Pacheco
E Tacuri
E Tacuri, P Tenorio, H Sanchez, Armando Molina Verdugo, P Cisneros, G Dercon, V Vanacker, M Ramirez, R Vanegas, Gerard Govers, Jean Poesen, Jozef A Deckers
Gerard Govers, Veerle Vanacker, E Tacuri, Michiel Vanderschaeghe, Eustachus Willems, Jean Poesen, Jozef A Deckers
Gerd Jozef Dercon, E Tacuri, H Sanchez, G Laoiza, Jean Poesen, Gerard Govers, Jozef A Deckers
V Vanacker, G Govers, E Tacuri, J Poesen, GJ Dercon, JA Deckers
GERD DERCON, E Tacuri
V Vanaker, G Govers, E Tacuri, J Poesen, G Dercon, F Cisneros
F Cisneros, G Dercon, J Poesen, E Tacuri, G Govers, V Vanacker
E Tacuri, E Willems, GJ Dercon, G Loaiza, G Govers, JA Deckers
R Alvarado Oleas, E Tacuri
T Coronel, X Arciniegas, C Rodas, ME Cazar
JF Morales, D ?vila, M Gaybor, ME Cazar
AD Kakuste, MS Borse, GH Sonawane
A Cazar, M.E., Jara, A., Cazar
MJ Andrade Bracero
KC Cordero, EO Mu?oz, MO Parra, ME Cazar
ML Mart?nez
JF Morales Le?n, D Avila Ram?rez
Y Luzuriaga, D Andrea
CLISU HERR?, F Guapizaca, ME Cazar, F Mart?nez
ME Cazar, G Schmeda-Hirschmann, L Astudillo Saavedra
A Jara, M Gutierrez, A San Martin, ME Cazar
A Jara, Y Rodriguez, J Cornejo, ME Cazar, M Gutierrez, L Astudillo
W Bonilla, ME Cazar
MCV Rodr?guez, SCM Z??iga, P Zea, ME Cazar
P Cedillo, E Insfran, S Abrahao
P Cedillo, Edisson Lazo, Juan Borja
SM FM. Ar?valo, P Cedillo
W Valdez Solis, P Cedillo, J Parra, A Guevara, J Ortiz
Tenezaca Sari, Pedro Alexander, Christian David Piedra Garcia, Alberto Steven Godoy Mend?a, Daniel Felipe Merch?n Piedra, Edisson Fernando Pati?o Zaruma, P Cedillo

P Beltr?n, P Cedillo, P Rodr?guez-Ch, A Bermeo
C S?nchez, P Cedillo, A Bermeo
P Beltr?n, P Rodr?guez-Ch, P Cedillo
D Jara, P Cedillo
F Carri?n, P Cedillo
K Campos, D Espinoza, J Y?nez, D Iturralde, P Cedillo
D Jara, P Cedillo
P Cedillo, P Beltr?n, P Rodr?guez-Ch
P Cedillo, JF Borja, EM Lazo
A Rodr?guez-Ch, P Cedillo, P Beltr?n, J Ortiz
P Cedillo, J P?rez, A Guevara
J Ortiz, P Cedillo, G Carpio, T Prado, M Robalino, I Cobos
J Ortiz, G Carpio, I Cobos, P Cedillo, T Prado, M Robalino
O Segarra, J Ignacio, G Carpio, P Cedillo
J Ortiz, P Cedillo, G Carpio
P Cedillo
P Cedillo, TA Guerrero Bermeo
AG Andrade, OS Ramos, P Cedillo
P Cedillo, E Insfr?n, S Abrah?o
P Cedillo, EI Pelozo, AF Mart?nez
JE Garcia, E Garces, AK Chopra, RK Goel, K Lee, DA Foutch
R Riddell, JE Garc?a
Tamara Saquicela Carpio, Adri?n Ormaza Romero
Xavier L?pez, Miriam Recalde Quiroz, Rodrigo Saquicela
?ngel Marcelo Calvache, Rodrigo Saquicela, Franklin Valverde
V Saquicela, Luis. M. Vilches-Bl?zquez, Oscar Corcho
Karina Abad, Juan Pablo Carvallo,M Espinoza,V Saquicela
Jose Segarra, Jose Ortiz,M Espinoza,V Saquicela
Erik Sigcha, Jos? Medina, Francisco Vega,V Saquicela,M Espinoza
J. Avila, X. Riofrlo, K. Palacio-Baus, D. Astudillo,V Saquicela, M. Espinoza-Mejla
Marcelo Rodrigo Garc?a Saquicela, Ernesto Ruppert Filho, Jos? Luis Azcue Puma
Francisco Vega, Wilson P?rez, A Tello,V Saquicela,M Espinoza, Lizandro Solano-Quinde, Maria-Esther Vidal, Alexandra La Cruz
Alexandra La Cruz, Ruben Medina, Francisco Vega, Wilson Perez, Blanca Ochoa,V Saquicela,M Espinoza, Lizandro Solano-Quinde, Maria-Esther Vidal
V. V. Kurdakova, V. V. Kondratev, V. V. Malev
V. V. Prokof?eva, V. V. Bochkov, V. V. Busarev
V. V. Shestopalov, V. V. Menshikov, V. V. Kafarov
V. V. Rubanik, V. V. Klubovich, V. V. Rubanik
V. V. Osipov, V. V. Lisenkov, V. V. Platonov
V. V. Osipov, V. V. Platonov, V. V. Lisenkov
V. V. Osipov, V. V. Platonov, V. V. Lisenkov
V B, V V
V. V. Rybakov, V. V. Rimatskii
V. V. Semenov, V. V. Bubnov
V. V. Myasnikova, V. V. Ponomarev
V. V. Moiseenko, V. V. Yatskevich
V. V. Davydov, V. V. Semenov
V V Dudorov, V V Kolosov
V. V. Dubrovskii, V. V. Raspopov
V. V. Struzhanov, V. V. Bashurov
V. V. Chekushkin, V. V. Bulkin
V V Dudorov, V V Kolosov
V V Neverov, V V Karikh
V. V. Malev, V. V. Kondratiev
V. V. Vendyukov, V. V. Deryushev
V. V. Bondar, V. V. Yakovlev
V. V. Shibalina, V. V. Shmatova
V. V. Ivanov, V. V. Salomatov
V. V. Mikhailov, V. V. Morrison
V. V. Ivanov, V. V. Salomatov
V. V. Rzhevskii, V. V. Nosov
V. V. Panichkina, V. V. Skorokhod
V. V. Mikhailov, V. V. Morrison
V. V. Babin, V. V. Nekrasov
V. V. Kalashnikov, V. V. Samukov
V. V. Zabilskii, V. V. Velichko
V. V. Kucherenko, V. V. Shamko
V. V. Brei, V. V. Pavlov
V. V. Pustovoitenko, V. V. Malinovsky
V. V. Kopchikov, V. V. Gurev
V. V. Kravtsov, V. V. Silvestrov
V. V. Biryukov, V. V. Kafarov
V. V. Anisimov, V. V. Korolyuk
V. V. Zabilskii, V. V. Velichko
V. V. Gerasimova, V. V. Gerasimov
V. V. Kalashnikov, V. V. Samukov
V. V. Kalashnikov, V. V. Samukov
V. V. Vinogradov, V. V. Godovan?chuk
V. V. Fedorova, V. V. Kharitonov
V. V. Larkina, V. V. Tvardovskii
V. V. Buldygin, V. V. Zayats
V. V. Petrov, V. V. Chornyi
V. V. Rusanov, V. V. Pospelov
V. V. Strygin, V. V. Sirunyan
V. V. Yakovenko, V. V. Miroshnikov
V. V. V.?yugin, V. P. Maslov
V. V. Ivanov, V. V. Salomatov
V. V. Demchenko, V. V. Dolgopolov
V. V. Sazonov, V. V. Karavaev
V. V. Osipov, V. V. Savin
V. V. Babin, V. V. Nekrasov
V. V. Vetoshkin, V. V. Uchaikin
V. V. Evstigneev, V. V. Kashkovskii
V. V. Ulyanov, V. V. Bruk
V. V. Moskvitin, V. V. Kolokolchikov
V. V. Eliseev, V. V. Khudolei
V. V. Pushkarev, V. V. Polotai
V. V. Gerasimova, V. V. Gerasimov
V. V. Uchaikin, V. V. Saenko
V. V. Kirsanov, V. V. Grigor?eva
V. V. Kashinov, V. V. Voznesenskii
V. V. Gavriliuk, V. V. Malenkov
V. V. Arkhipchuk, V. V. Goncharuk
V. V. Prokop?ev, V. V. Sukhodolets
V. V. Vorobev, V. V. Shemetov
V. V. Zotov, V. V. Serdyuk
V. V. Bondarenko, V. V. Perepelkin
V. V. Goncharuk, V. V. Malyarenko
V. V. Knysh, V. V. Chernov
V V Ovchinnikov, V V Redchits
V V Ovchinnikov, V V Redchits
V V Vorobev, V V Shemetov
V V Grinin, V V Ovchinnikov
V. V. Napalkov, V. V. Napalkov
V. V. Osipov, V. V. Lisenkov
V. V. Doubov, V. V. Korablev
V. V. Sokolov, V. V. Tolmachev
V. V. Moiseenko, V. V. Yatskevich
V. V. Bondarenko, V. V. Perepelkin
V. V. Matus, V. V. Porokhovskyi
V. V. MEZHERITSKII, V. V. TKACHENKO
V. V. Isaeva, V. V. Yushin
V. V. Buldygin, V. V. Pavlenkov
V. V. Bulkin, V. V. Kostrov
V. V. Moiseenko, V. V. Yatskevich
V. V. Moiseenko, V. V. Yatskevich
V. V. Lomakin, V. V. Tomchik
V. V. Chemekov, V. V. Kharchenko
V. V. Syrkin, V. V. Dranitsin
V. V. Anenkov, V. V. Shevchenko
V. V. Jachontov, V. V. Yakhontov
V. V. RAZIN, V. V. TROFIMOV
V. V. Samoilenko, V. V. Firsov
V. V. Sysoeva, V. V. Chedrik
V. V. MEZHERITSKII, V. V. TKACHENKO
V. V. Dudorov, V. V. Kolosov
V. V. Bushuev, V. V. Molodtsov
V. V. Gnilitskii, V. V. Insarov
V. V. Haurylavets, V. V. Tikhomirov
V. V. Davydov, V. V. Rubtsov
V. V. Buldygin, V. V. Pavlenkov
V. V. Aleksandrov, V. V. Cheremisin
V. V. Porseva, V. V. Shilkin
V. V. Lukovich, V. V. Kartuzov
V. V. Kanev, V. V. Mokiev
V. V. Zolotukhin, V. V. Ryabov
V. V. Basharin, V. V. Pevzner
V. V. Patsiorkovskii, V. V. Patsiorkovskaia
V. V. Balinov, V. V. Vitkevich
APOLLONOV V V APOLLONOV V V
B De Bi?vre, A Alvarado, L Timbe,R Celleri, J Feyen
Bjorge Decostere, Andres Alvarado, Esteban M S?nchez, Guillermina C Pauta, Diederik PL Rousseau, Ingmar Nopens, Stijn WH Van Hulle
A Alvarado, J Larriva, E S?nchez, D Idrovo, JF Cisneros
Tuan Long Ho, Wout Van Echelpoel, Tan Pham Duy, Juan E Espinoza-Palacios, Maria B Arevalo-Durazno, Leacky Muchene, Ziv Shkedy, Andres Alvarado, Olivier Thas, Peter Goethals
TL Ho, T Pham Duy, W Van Echelpoel, A Alvarado, P Goethals
Bjorge Decostere, Andres M Alvarado, Esteban AM Sanchez, Diederik Rousseau, Ingmar Nopens, Stijn Van Hulle
A Alvarado, Y Amerlinck, M Vesvikar, T Maere, I Nopens
A Alvarado, S Vedantam, P Aelterman, P Goethals, I Nopens
F Cisneros, C Coello, J Feyen, A Alvarado
B De Bievre, A Alvarado, L Timbe,R Celleri, J Feyen
A Alvarado, A Galarza, G Pauta, J Garc?a Zumalacarregui
AL Borrero Vega
AL Borrero Vega
AL Borrero Vega
AL Borrero
AL Borrero Vega
AL Borrero Vega
J Bojorque I?eguez, E Samaniego, A Luz Borrero Vega, D Cuesta Delgado, K Quinde Herrera, S Pozo Rodr?guez, F Gerardo Berm?dez, C Castro
Carlos Land?zuri Camacho, Enrique Ayala Mora, Tatiana Mar?a del Carmen Hidrovo Qui??nez, ?ngel Emilio Hidalgo Ortiz, Ana Luz Borrero Vega
AL Borrero Vega
AL Borrero Vega
Edison Timbe, Jan Feyen, Luis Timbe, Patricio Crespo,R Celleri, David Windhorst, Hans?Georg Frede, Lutz Breuer
EPT Castro
E Timbe, D Windhorst,R Celleri, L Timbe, P Crespo, H-G Frede, J Feyen, L Breuer
E Timbe
E Timbe
D Windhorst, E Timbe, P Kraft, HG Frede, L Breuer
O Yumbla, J Pablo, EP Timbe Castro
F Cisneros, E Timbe, B De Bi?vre, J Feyen
E Pel?ez-Samaniego, M.R., Riveros Godoy, G., Torres-Contreras, S., Garc?a-P?rez, T., Garc?a-Rent?, M., Albornoz-Vintimilla
Publication date
Wilmer Barreto, Santiago P. Torres, Carlos A. Castro
RA de Araujo, S Torres, MC de Almeida, CA Castro
S Torres, R Torres
S Torres, J Chavez
SP Torres, WH Peralta, CA Castro
S Torres Contreras, R Segarra Espinoz
Indira Nolivos, Marcos Villac?s, Ra?l F V?zquez, Diego E Mora, Luis Dom?nguez-Granda, Henrietta Hampel, Elizabeth Velarde
D Mora Serrano, G Wyseure, P Willems
D Mora Serrano
D Mora Serrano, T Liu, F Cisneros, G Wyseure, P Willems
D Mora Serrano, P Willems
DE Mora, P Willems
M Serrano, D Esteban, AF Vintimilla Valdivieso
P Vanegas, D Cattrysse, J Van Orshoven
S Andrade, A Abdalla, E Montufar, L Cort?, P Vanegas
A Abdal-hay, P Vanegas, AS Hamdy, FB Engel, JH Lim
LGG Morales, EC Morles, PV Peralta, RES ?lvarez
A Auquilla, S Heremans, P Vanegas, J Van Orshoven
P Vanegas Peralta
P Vanegas, D Cattrysse, A Wijffels, J Van Orshoven
P Vanegas, D Cattrysse, J Van Orshoven
P Vanegas, D Cattrysse, JV Orshoven
P Vanegas, D Cattrysse, J Van Orshoven
PF Vanegas Peralta, D Cattrysse, J Van Orshoven
P Vanegas Peralta, D Cattrysse, J Van Orshoven
P Vanegas, B De Bievre, L Jerves, P Lazo, W Buytaert, F Cisneros
Pablo Fernando Vanegas Peralta, Dirk Cattrysse, F Cisneros, P Torres, E Pacheco, D Mora, Jos Van Orshoven
PF Vanegas Peralta, D Cattrysse, J Van Orshoven
PF Vanegas Peralta, D Cattrysse, J Van Orshoven
PF Vanegas Peralta, B De Bievre, F Cisneros, L Jerves, P Lazo
Luis Gerardo Gonz?lez-Morales, Eliezer Colina-Morles, Pablo Vanegas-Peralta, Rodrigo Efra?n Sempertegui-?lvarez
L Huiracocha-Tutiven, A Orellana-Paucar, L Brito, S Blume
Dani?lle Copmans, Adriana M Orellana-Paucar, Gert Steurs, Yifan Zhang, Annelii Ny, Kenn Foubert, Vasiliki Exarchou, Aleksandra Siekierska, Youngju Kim, Wim De Borggraeve, Wim Dehaen, Luc Pieters, Peter AM de Witte
PAM De Witte, CV Esguerra, AD Crawford, AMO Paucar
Lourdes Huiracocha, Suart Blume, Adriana Orellana, Liliana Brito, Victoria Abril, Elisa Chilet, Ruth D?az, Silvia Semp?rtegui, Gicela Palacios, Daniela Monsalve, Jorge A Barahona, Sebasti?n Arteaga, Juan C Almeida, Mirian Huiracocha
AM Orellana Paucar
O Jadan, Z Aguirre
O Jadan, W Quizhpe, E Pacheco, Z Aguirre
O Jadan, B Torres, D Selesi, D Pe?a, C Rosales, S Gunter
O Jadan, M Cifuentes, B Torres, D Selesi, D Veintimilla, S G?nter
O Jadan, S Guenter, B Torres, D Selesi
O Jadan, D Veintimilla, E Ponce, M Gonz?lez, K Waise, Z Aguirre
O Jadan, ZA Mendoza
O Jadan
XR Cardenas Haro
XR Cardenas Haro
M Montes S?nchez
MM S?nchez, SP Ayora
Macarena Montes S?nchez
JM Borrero
J Mart?nez Borrero
J Mart?nez Borrero
J Mart?nez Borrero
J Mart?nez Borrero
J Mart?nez Borrero
J Mart?nez Borrero
J Mart?nez Borrero
J Mart?nez Borrero
JM Borrero
J Mart?nez Borrero
J Mart?nez Borrero
J Mart?nez Borrero
J Mart?nez Borrero, T Garc?a
J Mart?nez Borrero
JM Borrero, MF Naranjo, SM Y??ez
JM Borrero, MF Naranjo, SM Y?nez
JM Borrero, MF Naranjo, SM Y??ez
JM Borrero, MF Naranjo, SM Y?nez
J Mart?nez Borrero
J Mart?nez Borrero, D Sojos de Pe?a
D Sojos de Pe?a, L Astudillo de Cueva, R Dur?n, M Jaramillo, Beatriz Sojos de Barrag?n, Juan Mart?nez Borrero
J Mart?nez Borrero
JM Borrero
JM Borrero
JM Borrero
J Mart?nez Borrero, H Einzmann
JM Borrero
JM Borrero
JM Borrero
JM Borrero
JM Borrero
J Mart?nez Borrero
J Mart?nez Borrero
J Mart?nez Borrero
J Mart?nez Borrero
J Mart?nez Borrero
J Mart?nez Borrero
J Mart?nez Borrero
J Mart?nez Borrero
JM Borrero
J Mart?nez Borrero
J Mart?nez Borrero
J Mart?nez Borrero
J Mart?nez Borrero, T Garc?a
J Mart?nez Borrero
JM Borrero, MF Naranjo, SM Y??ez
JM Borrero, MF Naranjo, SM Y?nez
JM Borrero, MF Naranjo, SM Y??ez
JM Borrero, MF Naranjo, SM Y?nez
J Mart?nez Borrero
J Mart?nez Borrero, D Sojos de Pe?a
D Sojos de Pe?a, L Astudillo de Cueva, R Dur?n, M Jaramillo, Beatriz Sojos de Barrag?n, Juan Mart?nez Borrero
J Mart?nez Borrero
JM Borrero
JM Borrero
JM Borrero
J Mart?nez Borrero, H Einzmann
JM Borrero
JM Borrero
JM Borrero
JM Borrero
C Larriva, Z Bravo
Instituto Nacional Autonomo de Investigaciones Agropecuarias, Cuenca (Ecuador). Estacion Experimental Chuquipata. Granja Experimental Bullcay
Z Bravo, C Larriva
C Feic?n Mej?a, A Encalada, C Larriva
C Feic?n Mej?a, A Encalada, C Larriva, G Calle P?rez
C Feic?n Mej?a, A Encalada, C Larriva, G Calle P?rez
M Carlos Feic?n, C Encalada, W Larriva, G Calle
S Franklin Santill?n, C Larriva, ? Ortiz, G Napole?n Reib?n
C Larriva, I Walter, C Le?n, O Ortiz, E Angel
M D?Apuzzo, A Evangelisti, GW Flintsch, EL Izeppi, DE Mogrovejo, V Nicolosi
DE Mogrovejo, GW Flintsch, SW Katicha, ED de Le?n Izeppi, KK McGhee
KK McGhee, ED de Le?n Izeppi, GW Flintsch, DE Mogrovejo
DE Mogrovejo Carrasco
DE Mogrovejo, GW Flintsch, ED de Le?n Izeppi, KK McGhee
DE Mogrovejo Carrasco
L Torres Le?n, I Avecillas Torres, C Barzallo Neira, V Lliguin Balarezo
J Prada-Trigo, DA Chillogallo, AC C?rdova, LT Le?n
J Prada-Trigo, D Armijos Chillogallo, A Crespo C?rdova, L Torres Le?n
Marlene Jaramillo Granda, Cristina Andrea Barzallo Neira, Armijos Chillogallo, Daniela Fernanda, Sandra Elizabeth Pes?ntez Loyola, Leonardo Torres Le?n
L Torres Le?n
HBV Hoof, AL Serrano, L Torres
Cardenas Reyes, Mar?a Cristina, Achig Balarezo, David Regalado Loaiza, Juan Fernando, Torres Le?n, Leonardo
ER Ballesteros, MA Vintimilla
L Le?n, T Manuel
L Torres Le?n
L Le?n, T Manuel
MV Carrasco, LT Le?n
JA ROMERO
LT Le?n
MCC REYES, LT LEON, MV CARRASCO, LE DURAN
J PRADA-TRIGO, DA CHILLOGALLO, AC C?RDOVA, LT LE?N
LT Le?n, AG Torres
LT Le?n, IA Torres, CB Neira
S Anderson, P Cruz, N Folks, M Johnson, D Loubriel, O Niedzialek, M Perez, D Travis, V Gonzalez, J Hranitz, J Barthell
E Tapia, S Anderson, P Cruz, N Folks, M Johnson, D Loubriel
M P?rez, M Luis
M P?rez
M Perez
P Marina
M Perez
M P?rez
P Marina
J Fern?ndez-Cavia, S Vinyals-Mirabent, M L?pez-P?rez
EM Fern?ndez Jurado
SGG Jim?nez, MP P?rez, F Javier, M Romero
SGG Jim?nez, MP P?rez, A del Carmen, L P?rez
M P?rez
VM Castano, JM Horta, JB Hernandez, L Marquez, M Perez
REC Gula, JG Navarro, MP P?rez, PC Alvear, I Mogrovejo
MARL P?REZ
MARL P?REZ
A Serra-Llobet, MA Hermida
MA Hermida, P Osorio, N Cabrera, S Vanegas
Maria Augusta Hermida Palacios, Natasha Cabrera Jara, Pablo Osorio Guerrero, Sebastian Vanegas Bravo
N Cabrera, MA Hermida, C Calle
P Cordero, S Vanegas, MA Hermida
MA Hermida
MA Hermida
M Hermida, C Hermida, N Cabrera, C Calle
J Dur?n, MA Hermida
MA Hermida Palacios, C Calle, N Cabrera
MA Hermida Palacios
MA Hermida Palacios
Mar?a Augusta Hermida Palacios, Daniel Orellana Vintimilla, Natasha Cabrera Jara, Pablo Osorio Guerrero, Christian Calle Figueroa
MA Hermida Palacios
MA Hermida Palacios
MA Hermida Palacios
MA Hermida
MA Hermida
L Guevara Buest?n, MA Hermida Palacios, HJ Saltos Carvallo
Natasha Eulalia Cabrera-Jara, Daniel Augusto Orellana-Vintimilla, Mar?a Augusta Hermida-Palacios, Pablo Enrique Osorio-Guerrero
MA Hermida, C Calle, N Cabrera
M Neira, ML Guerrero, P Samaniego, MA Hermida
A Serra-Llobet, MA Hermida-Palacios
JH Dur?n, MAJ Dur?n, MA Hermida
M?Z Prieto
MZ Prieto, LS Quinde, E Insfran, Y Cabrera
M Z??iga-Prieto, E Insfran, S Abrah?o, C Cano-Genoves
M Zu?iga-Prieto, L Solano-Quinde, E Insfran, Y Cabrera
M Zu?iga-Prieto, J Gonzalez-Huerta, SM Abrah?o, E Insfran
MA Z??iga Prieto
J Sandobal?n-Guam?n, M Z??iga-Prieto, E Insfran, S Abrah?o
AM Moscoso, JTV Silva
AM Moscoso
AM Moscoso
AM Moscoso, P V?zquez
M?A L?pez
M? Abell?n L?pez
G Sinchi, L Marcela, G Nivicela, X Alexandra
AM Moscoso, VGA Feij?
MAA Lopez
A Martinez Moscoso
AM Moscoso
AM Moscoso
FA Mart?nez Moscoso
AM Moscoso
M?B L?pez, JM Moreno, AM Gim?nez, AO Gim?nez
AB Garc?a
A Mart?nez Moscoso, MF Ruiz Guerrero
JM Canales Aliende, A Mart?nez Moscoso
AM Moscoso
S Coello Moncayo
FM Alvarado Maldonado
LR Vega Salgado
FM Alvarado Maldonado
LR Vega Salgado
RB i Mart?nez, RT Garc?a
AM Moscoso
S Coello Moncayo
R Iglesias, R Petronio
S Coello Moncayo
AM Moscoso
FA Mart?nez Moscoso
DE Borrero Maldonado
FA Mart?nez Moscoso
E Crespo Amoroso
E Larriva V?lez
AM Moscoso
FA Mart?nez Moscoso
FA Mart?nez Moscoso
V Gonz?lez, C Hidalgo, A Moscoso
AM Moscoso, JD Rhett Larson
Sum?rio de Revistas Brasileiras, Elton Jos? Donato, Dalide Correa, Paulo Gustavo Gonet Branco, Ana Carolina Figueir? Longo, Aline Sueli de Salles Santos, Alvaro Ricardo de Souza Cruz, Alvaro Sanchez Bravo, Augusto Aguilar Calohrro, Daniel Antonio de Moraes Sarmento, Fernando Ara?jo, Francisco Balaguer Callej?n, Francisco Fernandez Segado, Gilmar Ferreira Mendes, Hindemburgo Chateaubriand Pereira Diniz Filho PGR, Ingo Wolfgang Sarlet, Joaquim Brage Camazano, Julia Maurmann Ximenes, Lauro Gama Jr, Luciano Mariz Maia, Pierdomenico Logroscino, Vladmir Oliveira da Silveira, Adriana da Fontoura Alves, Anna Carolina Carneiro, Francisco Valle Brum, Ivete Oliveira Alves, Janete Ricken Lopes de Barros, Jos? dos Santos Carvalho Filho, Lu?s Raul Andrade, Rodrigo Chaves de Freitas, Virginia Borges Silva, Edevaldo Siqueira Gaudencio
AM Moscoso
YELP DE LA APROBACI?N
R Gual?n, R Freire, A Tello,M Espinoza,V Saquicela
D Chimbo, P Contreras, A Tello,M Espinoza
A Tello, R Freire,M Espinoza,V Saquicela
Alexandra La Cruz, A Tello,M Espinoza,V Saquicela, Patricia Gonz?lez, Patricia Gonz?lez, Yoredy Sarmiento, Washintong Ram?rez-Montalv?n, Lizandro Solano-Quinde, Mar?a-Esther Vidal
A Tello, B van der Waaij, A Lazovik
E Suharto, A Tello
RJ Guerrero Pe?afiel, A Tello
V Heras Barros, A Vandesande, F Cardoso, K Van Balen
V Heras Barros
V Heras Barros
H Ver?nica
V Heras Barros
VC Heras Barros, I De Cubber, A Wijfels, T Steenberghen, Van Orshoven, Jos Van Balen, Koen
VC Heras Barros, X Salazar, C Rodas, T Steenberghen, K Van Balen
VC Heras Barros, T Steenberghen, M Zuniga, F Cardoso, K Van Balen
VC Heras Barros
H Ver?nica
J Criollo, V Heras, J Macancela, S Washima
EE Peralta Cruz, PJ Vargas Land?var
PX Ch?rrez Cabrera, RA Gallegos Avecillas
MP Cisneros Torres
GT Mora Guzm?n
D V?squez Guevara
S Torres R?os
A Maxi
PA Espinoza Avila
RP Coronel Rivera, JC Aguirre Maxi
JC Aguirre Maxi, JP Piedra Alvarez
X Salazar
L Vivanco Cruz, X Salazar, MF Cordero
L Vivanco, X Salazar, MF Cordero
X Salazar
X Salazar
VC Heras Barros, X Salazar, C Rodas, T Steenberghen, K Van Balen
X Chuquiguanga, Cristina, Salazar
MA Novillo Verdugo, JC Astudillo Sarmiento
M? Novillo-Verdugo, JC Astudillo-Sarmiento
MA Novillo Verdugo
MA Novillo Verdugo, R Esparza Lopez
Miguel Angel Novillo Verdugo, Rodrigo Esparza Lopez, Avto Goguitchaichvili, Juan Morales, Miguel Cervantes Solano
M?N Verdugo, JPV D?az
M? Novillo Verdugo, R Esparza L?pez
Miguel ?ngel Novillo Verdugo, Rodrigo Esparza L?pez, Avto Goguitchaichvili, Juan Morales, Miguel Cervantes Solano
JP I?amagua Uyaguari, A Jenet, LG Alarc?n Guerra, S V?lchez Mendoza, F Casasola Coto, MA Wattiaux
MA Wattiaux, JP I?amagua-Uyaguari, F Casasola-Coto, L Guerra-Alarc?n, A Jenet
MA Wattiaux, JP I?amagua-Uyaguari, L Guerra, F Casasola, A Jenet
ME Encalada Paredes, CN Zald?var Quintero, CM Almeida Saavedra
ME Encalada Paredes, CN Zald?var Quintero
ME Encalada Paredes
ME Encalada Paredes
ME Encalada Paredes
ME Encalada Paredes
P Encalada
ME Encalada Paredes
ME Encalada Paredes, C Zald?var Quintero
Lenin Campozano, Angel V?zquez?Pati?o, Daniel Tenelanda, Jan Feyen, Esteban Samaniego, Esteban S?nchez
A V?zquez-Pati?o, J Carmilema
R Rosas, A Ochoa, D Morillo, N Garc?a, S Andrade
DA Morillo Argudo, OL Castillo Cueva
G ?lava, LD V?zquez, B Guerrero, L Pinos, D Sucozha?ay, F Franc?s
G ?lava Atiencie, L Dom?nguez V?zquez, B Guerrero, L Pinos, D Sucozha?ay, F Franc?s
D Sucozhanay, E Santos, K De Witte, M Euwema
D Sucozha?ay Calle
D Sucozha?ay, MA Machado, K De Witte, M Euwema
D Sucozha?ay, L Siguenza Guzman, C Zhimnay, D Cattrysse, G Wyseure, K De Witte, M Euwema
A Dewulf, M Mancero, G Cardenas, D Sucozha?ay
M Craps, A Dewulf, D Sucozha?ay, R Bouwen
G Carrillo-Rojas
J Pe?a Jaramillo, GJ Carrillo Rojas
L Jachero, G Carrillo
G Carrillo-Rojas, B Silva, M C?rdova,R Celleri, J Bendix
LI Minchala, F Astudillo?Salinas, K Palacio?Baus, A Vazquez?Rodas
J Fajardo, D Astudillo, K Palacio-Baus, L Solano-Quinde, S Wong
LI Minchala-Avila, K Palacio-Baus, JP Ortiz, JD Valladolid, J Ortega
J Avila, X Riofrlo, K Palacio-Baus, D Astudillo,V Saquicela,M Espinoza-Mejla
D Astudilllo, K Palacio-Baus, L Solano-Quinde, E Severeyn, S Wong
LD Garc?a Ruiz, PX Verdugo R?os
J Loja, E Velecela, K Palacio-Baus, D Astudillo, R Medina, S Wong
A Gallardo, V Jaramillo, C Juan, D Astudillo-Salinas, K Palacio-Baus
D Auquilla, K Palacio-Baus,V Saquicela
DD Espinoza Saquicela, CA Salinas Escobar
FA Parra Orellana
M Llivisaca, W Vinicio, S Guartasaca, M Ang?lica
V Saquicela, J Bermeo,M Espinoza, K Palacio-Baus, B Villazon-Terrazas
K Palacio-Baus
KS Palacio-Baus
J Fajardo-Reinoso, DA Salinas, LS Quinde, S Wong
M Zu?iga-Prieto, L Solano-Quinde, E Insfran, Y Cabrera
F Astudillo-Salinas, D Barrera-Salamea, A V?zquez-Rodas, L Solano-Quinde
J Fajardo, D Astudillo, K Palacio-Baus, L Solano-Quinde, S Wong
D Astudilllo, K Palacio-Baus, L Solano-Quinde, E Severeyn, S Wong
A La Cruz, R Medina, F Vega, W P?rez, B Ochoa,V Saquicela,M Espinoza, L Solano-Quinde, ME Vidal
RM Gual?n-Saavedra, LD Solano-Quinde
JC Guillermo, R Gual?n, LD Solano-Quinde, D Collaguazo-Montalvan, W Ram?rez-Montalvan, A La Cruz
A La Cruz, A Tello,M Espinoza,V Saquicela, P Gonz?lez, Y Sarmiento, W Ram?rez-Montalv?n, L Solano-Quinde, M-E Vidal
J Reyes-Coellar, M Tene, D Astudillo-Salinas, G Barros, L Solano-Quinde
LD Solano-Quinde
A Somani, L Solano-Quinde, ZJ Wang
JP Hern?ndez, LD Solano Quinde
E Ponce-Jara, MA Castro, M Pelaez-Samaniego, MR Espinoza-Abad, JL Ruiz
NG Jara, FZ Reinoso, C Isaza-Rold?n, JL Espinoz
NG Jara, FZ Reinoso, C Isaza-Rold?n, JL Espinoza
AE Cabrera, HX Cueva, RE Semp?rtegui, JL Espinoza, DR Ochoa, AP Guevara, DV Ochoa
RM Quito, MV Guanuquiza, JL Espinoza, GS Pulla
JL Espinoza Abad
P Mart?nez, L Ochoa, JL Espinoza
JL Espinoza
JL Espinoza
E Palacios Delgado, JL Espinoza Abad
JL Espinoza, H Vredenburg
M Moya M?ndez
M Moya M?ndez
M Moya M?ndez
M Moya M?ndez, C de autores
M Moya M?ndez
MM M?ndez
M Moya M?ndez
M Moya M?ndez
M Moya M?ndez, C de autores
M Moya M?ndez
M Moya M?ndez
M Moya M?ndez
M Moya M?ndez
M Moya M?ndez, Y Vidal Garc?a
NM Flexas, MM M?ndez
MM M?ndez
MM M?ndez
MM M?ndez
MG P?rez, MM M?ndez
M Moya M?ndez, Y Vidal Garc?a
MM M?ndez
M Moya M?ndez, M Garc?s P?rez
MM M?ndez
M Moya M?ndez
M Moya M?ndez
NM Flexas, MM M?ndez
ES de Belleza
M Moya M?ndez
MM M?ndez
M Moya M?ndez
MM M?ndez
MM M?ndez
M Moya M?ndez
MM M?ndez
ML Machado, MM M?ndez
M Moya M?ndez
M Moya M?ndez
M Moya M?ndez
M Moya M?ndez
M Moya M?ndez
M Moya M?ndez
M Moya M?ndez
MM M?ndez
FFFC D. Lopez-Garcia
P Jayamon, J., Charney, F., Flores, F., Line
FX Flores Solano
F. X. Flores, F. A. Charney, D. Lopez-Garcia, J. C. de la Llera
F. X. Flores, F. A. Charney, D. Lopez-Garcia
F.X. Flores, D. Lopez-Garcia, F. A. Charney
FX Flores, D Lopez-Garcia, FA Charney
FX Flores Solano
C Rovetto, E Cano, JM Colom
MF Granda, N Condori-Fern?ndez, TEJ Vos
ON Condori Fernandez, MF Granda, TEJ Vos, O Pastor
N Condori Fernandez, MF Granda, TEJ Vos, O Pastor, M Goluchowski, C Pankowska, H Linger, C Schneider
MF Granda
G Mosquera, PX Lazo,R Celleri, KB Vache, C Segura, P Crespo
GM Mosquera
GM Mosquera
G Mosquera, L Breuer, D Windhorst,R Celleri, P Lazo, K Vach?, P Crespo
G Mosquera, P Lazo, P Crespo,R Celleri
G Mosquera, P Lazo,R Celleri, BP Wilcox, L Breuer, D Windhorst, P Crespo
LMT Aparecido, GS Teodoro, G Mosquera, M Brum, F V Barros, P Vieira Pompeu, M Rodas, P Lazo, C S M?ller, M Mulligan, H Asbjornsen, G W Moore, R S Oliveira
C Wright, A Kagawa-Viviani, C Gerlein-Safdi, GM Mosquera, M Poca, H Tseng, K Pan Chun
MH Javier Dur?n
MAH Javier Dur?n
DB Yaguana, DI Vintimilla
DI Vintimilla
DB Idrovo Vintimilla, P Ochoa Pes?ntez
GE Riera
GE Riera Rodr?guez
GE Riera Rodr?guez
LK Morales, GE Riera
G Cordero, G Riera, M Villavicencio
MS Moscoso Cordero
MS Moscoso-Cordero
MSM Cordero, ALM Wijffels, SA Cordero, FC Mart?nez
MSM Cordero, ALM Wijffels, S Astudillo, FC Mart?nez
S Moscoso Cordero
SM Cordero
JR P?rez, SM Cordero
J Rey Perez, S Moscoso Cordero
MSM Cordero
MS Moscoso Cordero
MS Moscoso Cordero
MS Moscoso Cordero
JM Cabrera Torres, C Le?n, S Efr?n, EA Mora Arias
N Pacurucu, G Andr?s, S In?s
J Astudillo, V Morocho, L Vivanco, N Pacurucu, X Salazar
N Pacurucu
LM Mart?nez Ord??ez, NE Pacurucu C?ceres
VG Mena, FQ Molina, ML Catal?n, DO Vald?s, A Serrano
V Guill?n
DA Orellana
VG Mena, FQ Molina, ML Catal?n, DO Vald?s, A Serrano
ML Catal?n, FQ Molina, VG Mena, DV Orellana, A Serrano
DO Valdez, FQ Molina, ML Catal?n, VG Mena, A Serrano
A Serrano, FQ Molina, ML Catal?n, VG Mena, DO Valdez
DA Orellana Valdez
D Orellana Valdez
DA Orellana Valdez
M Mendieta, ME Estrella
C Auquilla, M Cristina
C Auquilla
C Auquilla, XA Salazar Guam?n
M Gonz?lez-Llanos
M Gonzalez-Llanos
MJ Gonz?lez Llanos
MJ Gonz?lez Llanos, C Vivanco